Channel_phase,Count_MaskedProtrusions,Count_ppltobj,Count_prot_seed,Count_protrusions,ExecutionTime_01Images,ExecutionTime_02Metadata,ExecutionTime_03NamesAndTypes,ExecutionTime_04Groups,ExecutionTime_05ImageMath,ExecutionTime_06Threshold,ExecutionTime_07EnhanceOrSuppressFeatures,ExecutionTime_08IdentifyPrimaryObjects,ExecutionTime_09MaskObjects,ExecutionTime_10ExpandOrShrinkObjects,ExecutionTime_11ConvertObjectsToImage,ExecutionTime_13MeasureObjectSkeleton,ExecutionTime_15RelateObjects,ExecutionTime_16SaveImages,ExecutionTime_17OverlayObjects,ExecutionTime_18SaveImages,FileName_BranchpointImage,FileName_OverlayObjects,FileName_phase,Frame_phase,Group_Index,Group_Number,Height_phase,Height_ppltobj,ImageNumber,ImageSet_ImageSet,MD5Digest_phase,MD5Digest_ppltobj,Metadata_FileLocation,Metadata_Frame,Metadata_Series,Metadata_Site,Metadata_Well,Metadata_experiment,Metadata_fldr,Metadata_time,ModuleError_01Images,ModuleError_02Metadata,ModuleError_03NamesAndTypes,ModuleError_04Groups,ModuleError_05ImageMath,ModuleError_06Threshold,ModuleError_07EnhanceOrSuppressFeatures,ModuleError_08IdentifyPrimaryObjects,ModuleError_09MaskObjects,ModuleError_10ExpandOrShrinkObjects,ModuleError_11ConvertObjectsToImage,ModuleError_13MeasureObjectSkeleton,ModuleError_15RelateObjects,ModuleError_16SaveImages,ModuleError_17OverlayObjects,ModuleError_18SaveImages,ObjectsChannel_ppltobj,ObjectsFileName_ppltobj,ObjectsFrame_ppltobj,ObjectsPathName_ppltobj,ObjectsSeries_ppltobj,ObjectsURL_ppltobj,PathName_BranchpointImage,PathName_OverlayObjects,PathName_phase,ProcessingStatus,Scaling_phase,Series_phase,Threshold_FinalThreshold_ThresholdPhase,Threshold_FinalThreshold_protrusions,Threshold_OrigThreshold_ThresholdPhase,Threshold_OrigThreshold_protrusions,Threshold_SumOfEntropies_ThresholdPhase,Threshold_SumOfEntropies_protrusions,Threshold_WeightedVariance_ThresholdPhase,Threshold_WeightedVariance_protrusions,Thumbnail_InvertPhase,URL_BranchpointImage,URL_OverlayObjects,URL_phase,Width_phase,Width_ppltobj
-1,188.0,9.0,188.0,727.0,0,0,2.808018,0.0,0,0.5304034,0.3432022,0.7020045,0.2028013,0.4992032,0.0156001,1.0296066,0.0156001,0.156001,0.2808018,0.4056026,170109_Inhibitors2_C5_3-0006_branchpoints.png,170109_Inhibitors2_C5_3-0006_overlay.png,170109_Inhibitors2_C5_3-0006.tif,0,1,1,1024,1024,1,eLu3YozoG03dA5G60cqY0TRO3TSOFrxUCF1QerYDAL2P/mM=,90bb50330f42c59acdf4f1f059277258,1d49abc615e617872d923d678b86d08b,nan,0,0,3,C5,170109,nan,0006,0,0,0,0,0,0,0,0,0,0,0,0,0,0,0,0,-1,170109_Inhibitors2_C5_3-0006.tiff,0,C:\Users\Prakrith\Documents\GitHub\Test\2018_02_27\output\labels,0,file:///C:/Users/Prakrith/Documents/GitHub/Test/2018_02_27/output/labels/170109_Inhibitors2_C5_3-0006.tiff,c:\users\prakrith\desktop\cptemp_out\skeleton,c:\users\prakrith\desktop\cptemp_out\skeleton_overlay,C:\Users\Prakrith\Documents\GitHub\Test\2018_02_27\single_images,Done,255,0,0.689453125,0.01,0.689453125,0.01,-5.04005643417,-12.497249847,0.247767796363,0.0388966081587,"iVBORw0KGgoAAAANSUhEUgAAAMgAAACgCAAAAABslHx1AABGmUlEQVR4nD29d7iuWVXlO8aY6/32
PudUHQoKilSAgGQQRFEMtK2NYmjbvrYtmAOGq15zi5IqgWBoFdtwtVvBHNvWRsWMItAKknOSUKQi
VHEqnHP2/t41x7h/vJv773n2c54vrfXOOeYYv8mrat//9Hl63UMnJEywJlENAuoIaGXYpDHg8aJb
voAkQqgBMBlNc38QwmMVXLIFpKxJCp0xsVspQ+tia6ywkP3ZY0QmwFAGAE2WTQbcve0RHzmY8hXX
fM+FH/3uM4+6/obTDHZTf/Yf9hjQzLKiDAw3w0DVqcc+8ndP319KTw5OEl0FC6QEgc6oSJian/mF
1/9k9igHQNigIdUpTEMWUWnLNicgoF300FrdSGsC2lcj4OFxFSCY4+6AFcGDgAxA8x63PEw7fPZT
vt4HZy8/88YPHlxcxh561cs92L0Ga3oKsSkElHGQ73nhG298SVABpV1Qc2+PCdAIylm0h4LRWPeP
v/i8QzUxQ2EBsbTcOpDbCJ2KMLzbXUQCYDKtuEqVDNDRle8VCsAUAGW+3+ZsSDMwKBSgfst8xxte
/v1HY/kBXvKQSy8sH/3oDW8bD7/Kk0UQGIVONdREYUy9/9/dLvd54zMJE1nLVC9RpDmmYLWwcsRY
lwLf/ddveb8RyVCjqV7RINxLgwbLZXn3jufh6ZCHd5NpSStKmkKWC4/889vdvmvO4ZCAWlprdKR4
9EDBKOPoXph1t//052+4q157iq/7o0995EvuTUgNlJd9k8GURbkpnb3fW36GX/Mjt8lykRNcEcyy
NMcqVgDABjTd+NjLf+DpEtDCCpRcIJHG4ioM2LDko+e97I23QJyw40pPptNn71Po/oU/mIIBi0nH
jNgIlIqrGxOwdQjC+z/62Pcc9IEu09Wv/7o/vQ5lB1q9DiLFgA5Ca3/bh9/777+lP/21LciZWC0Q
tKHh8a5hAYhKAIXxqT/+ZNqaRBYa0EqjFqTd0yYlGNg96a8vu126rQY1ESVBbntnu8689XaXTiPc
ziEjzCwdTXS8gpNRhkUJnKcO+qve9JR3P/r0b3zxz13bMxnrWoOdEFlS4STA2//fCz7/+nfaiQBY
c6ALamK86/Z3vJhQMEH0Mscc7YKVCLAC1GTIZHR1gNEFzNEBADKRgLVkBACw7DUmMv/lkbssTaER
sNayvJvQFGTAwphmdfn09/7kW37rWZ/9D3jRX37xgw9O73DMsFVwAGaZsKCpN38a8Jdffd7CkHof
DIvQpHL+V//rzTWIBgpA9YBmKogo2RIroInATXCQDfd2hiWUKupeiTUKqop+x7WnR8KHHKjA9J4R
fOs+AFfJQ2OmMZyZ+BNrwk//63s+4eufhPUvf/tzb/jIfMpFKip3J4z62APxHMyDvmre5y0LSSvV
Gdvtt3PX+bv+1SedMoYFy5YZKMEwEIDdS0Iio1FTCaCUEWrKodTsCuqWZz5zQOuCXp99hxtx1TCg
DlHbfcL3nL09YYXSWugykGqA/oZfO7jh4MZf++43fN3b7/7h5lNPXbPbIwzVAFNdXQ4Y5gFfM89O
X1A4Jjmm1mWtgMg6hlOrCKBVBmTLowm1Se53JmEBvbQrhaYmQZMecLygq/ldX/zYg9AY458e/3U3
Xv6MKazLHA4Clrc3nygo9+IpLvtUCobPv/Pu62VHL7viEz/xfePB1+uddwI1oSAKTi7xZExee/Sh
x7/8WL3DhNSJiATS3M0AZQgwEMLDkOVXPdJjMlnQAenRGUbCwgRkJUq2LwcgNCOgrPma5y9zvZZj
0ovR9EjC7eEObC+OkK95eq03fP71H647XXbDvOLfHV/xG0/6jrPw6fquXzAEh0j1x84cAAFqSuDV
vv/79ji65BiEAMcCQMjoxSF6ue2yIwXm6HKAo4t3xKqao8GE1ds3cMm5qhbjSmYtsMkULKtrjpll
7u/5luv/4qmAQ6fMsIxER6etjma5IDd1xfv/93/964Pljm9+xV0+ebfylssuu8NX/f7X45Ev/xFd
9v3XyUujPJ78HXc4TDVqypLwtos97/h6AOgVDTFYBEwVwIQXj45/9bByMJpAcTlz+15T0CwCIw1E
CO7w0WuucQShvvS3CzOjQvewOoihxnLhCV99YQUmogKieIrEsgoYUhUELPqXD40v/6fLdtf9ynse
e33fduaJZ+/zRqz/8Nd8+bNufsm5a8VlFoyjX/6aVRBXBIw8Boo33rcKgbpAMWtjDsMJo1Nf/3/9
jMG1jRa0dmqpdugGVhYZEeOGM57PGh16ffhnqbEYaGANOKYwCuH+hQ+vYI7QzgCEAQBLweyWkQlA
jzogseKHv+ch5373XVe+4jc/9OZfevYdLvzl195wLj9wcVeZOS55997n3d6YOUSF5NMF747LRGFd
0GAKmur9f3qBkSh18cc+47NP0cMwGSaMAMEyrDCEunDrl3zhd56FGnVhvRQhcvSo1y4TAhKMjjTf
84CjgPSCpnqrsL0DLAsOW4QBYRZvvWTZveT+/+HD7/w/f3L25f/8Rw/8nNcdRZ/1kn/7EmudquEw
KKfQyOBVTMEthtAcmBiwFfaB524th+N4QQMAiOZAN8UAHPvRlFMGkJt/9ukuALjdbUYA9z3fPi9v
pub+9By2NCXIFpoBQ3g0lrUsQFO92GGWtdCgDF3/W0/86pe++FHnTz3FT/3tD33rnVXo0sVTe6EX
A4BJhCGvRdMMlzUDMJqjQQTbS11dIcyaAjDWslnoagKhXV4sY+4MIGAWd5SaAF916a8/88KlWqnt
e54YhnsQQtcExtZKAKjmLBAhgLGijNBSZ1xxh6/4sctefqfTdTQ+9iffcUzrgg4TQU6hTc0dOoIr
O6pmq9GGBkCYTC2llYXCHIVoBisNzUYZQap5eJGtjsqxQMfTYHJ0z7cL3/0fnvbVhzY9CWBFsNo7
IVknG+S0aBRZHSilLDGyRzXGokO4OG943bd/y/5d57g/HHf+5r2jeXg4mm00ehbhYWHwKnbBEbM1
hQSQ6tCVshrI6MJWFgEFTEYICsCqZPF2XAwW4DABefHM/vifP+MQ6ylMMiGhprrmsBwCED7+nGka
ENQF7/YBCEtN7BdEfeY9lx7c6cawbIUyJkRUb/UdudV+ViVDFID1ppd/zu6/HaG6SIUTDdYApisN
Vgg4QKPSmFORGnJjFcnDC7vE5igdruP0v7tE2jVU8KDc6GaftIkwutFIwZ2MQaDL0BFQyBx2wTtg
6EP7K07pA6e291HpRGXENSZNIaJAPu2tD2RZcxyfmSsf+Nb95R86A6GtkFs7O9/pB2VxiIBACGQ7
40ITAE4fAdb8yB1TxByAZVajgFVhTVazBaAmlEBahQK6JpFxcuYAmiHVBae6mggRwMsbl/uwtrZf
bi1zu5zaZVaDwgOZDnj8rM/9Xo635NT7bp/MxlIqQCosL/2D22mZooEkqAD0RJCeJQf/+0loN8Zd
axS0Q0QNNNOwalSTTRzfeiEFAhk7NFF2x0SIMi0EMUEKaCQTLjh2BfJD7j3QDhZJJqYQWI0lwkSi
EmggB4/7tT+64y3pcYlTKtiCgoaP/zH3TLNNUMZAnHBIs4rG8Hj0c49rqN0R5pyBcwywBxH2up0t
7/SsZ0xbbh8jqI4JkSo4HUsYQODuAkooG+AYYNGbCFKAPcPSBAIvAE2S4FXYDjkK7/q2v5KPP/C8
6+Tt9FcDtd/NsQohQ00NN02cKEYA1F5mathQE3Fh7N276mqAfWCHBlHfcv+/e9FtIKppSB3J4dw5
1dZ24LeisStRCE1GUNcmPfWuQ5cHulZRXZM9kBAQQ3Ta9Ps+/dpX/V7OfPJFYR1CUI0qjJYXhFlb
oOdEFJYLW6WLquaiqahPyvK5G0vZDoj5mnMKBOK2//nMj93GUWhmEACyBimbzkI/VCNBGUYlQDqd
EoYDJtXZda6oxZkzTQrBCCGOQm3tUBWD//7+l37mfzwzX3uvnYZBAORsA8hKLRoCKI27lqgJE3Am
AVTa2ccoSnI8sXOqYWR32a0mHPH0uaNzLEzChYLBg63QHvHo8LUxyaahFAKySoimx9QQKgY/ugLc
cYDxOhpa+iq0aUVKesrf8kXX3XrTk2/EB7/maCUMlGUBirhorCn2Cqz44NqFgQhQQXNrzkvUQQPd
Q7t4FSUtRl1510BaHPjCW2oFQc5urJVjAsnY1KQaQQJQbnowVE8Yhi6ybbhAqlowHWCy0YGuA+Ao
WZEkH3vuZdfe7nnfsvOnffqrLiQVIK0UPPabmDlDAGwocIdTMEYLQeAWsIcmYa2AYVAexhrQaJWg
zDQUCO/60wPtKILcozgPyuR223oEahEplWkjVSEEAQgwHJE1wqW551QpkIASfH6ee1D/wiPvXRyv
OrocFXCChqM5vO4TS1BAouit/U1kpum9C0aLTpBZhWrO2GbXAslAtxrcFZoxr/yyfrDVKUJoDaNn
hABIS4YBOJ2APnADE5lBM0LoikLMXSpEd0U3RB0sB+f/9UO3vP1BN6re/rMBJgqDRry1oUzgJFCE
GbTYg8U2SOuAIylMCfGm/YRiBkZhP7GiGp4LDHOJBgS+qed1yxSMck+wCAxvzUHCqMCt1YqqwN6v
ZVhrI2qvgB/31IfV7Elg6Aq5OMZXnnrUT1967fvv/Vbd+am//xlIZowBEdMdAohAch2ooXBual6r
O5pVqwpk74VFBgRYIGwMLif67JhcOtlTKwjsc9OnP/TYVjk1oCIxC2TFIBY7RioEvcpVH7l1HRkt
kBNLPPj7/PObVFTFfPqYChq7df/Jr7jjG77rukf99UPucVKDUB+vFTetdw4Y6nKXPt7cy+NYGcAk
QE1p7LcChUG1y0oYWY6YQpctGal+5uSPHLaIIGNykwo8rM5oIliAGRCaCJWt6Ok5CDOsOW9d70QX
W+DTCJkodJ7xw3d87d3+9J4Pe8dDqhrlMT0ataYKcOvk/6GcWhc0g5CzylYy0BmThKCVYwV9eFzr
shayGDOivBaIsrOgl7mJTJoCtmOcCLScAgBh3KpBa2pAE0EZWsVeOizYpIWpgY4qBsCevOUrbtH/
+NgT/s3h5w6gCLjZYKvYbSx7g4Ahh9A0EY7yADRcsqkmA/UarCjsZsDJgBOmks4QyQaqzWOhgHiy
swlLjJgAUBAbcKfCUUTvB8rbzziaVGFGEIHBtTEU7iyi8d6Lj7r9uedcud/Xi8W1M+MFFRUqpjIP
BLhRcOkYgkLYCLtXNSKApcpkRoqQNdZABXlFgWEFBSHoirmJkyQqKp4UdwQ0DGPYE5cMsCboijEX
sIdRJDInKgVu1wcsHFvK7rZPff+dj4Yu4NB60DQZUa7WVivGNWQMQN3DOCi4UUJUXSyVeyKabaCH
4cbEOqsow1g2hdNoqWkubYEmm2QyphH+0aOvpZj0nhy0zD00YxHB0mEzXOHuCo1hwD3CnoSEg7R5
25lXfCYbVq9chSHtpL27UAhUQXudXHvrJw0nCCCqFwPT2imAiL44LYKT3XeIq4PQXliVKc41KbsK
LKSqp5WOXBdee4+fXzAl72h0KKadeDXQs4AKUDDQhTEcdAhXCYGs3PXWLAfcbxIhSMPqde8xMPcd
Y8Vw4YCikLmoMBFxAAjiKY3jHVK0lcO7L0GaXHx0S7RrGot6VUs0vQRQJgKn5tRORhYP3PylD/t/
XgCplsaY1QUtyRIt3IowbBMapNod21U1PhgDJYi58EsfTYM7rpC625Zd3EHGGG26sFfHWEOTEx16
FAC4mik0dGROgM7FG2kXg7ed+ZqXK7dEqn2LxpoKxly26jZliOReHDmmc8/50id9vjFtckqccEsn
V0iTwYoYTaEsRJqeH/3tYwHGbbza9InqW1ZqhmpCcl9+i7OKKcoeTu8MQJgMa2JgrS75DXf9+VNX
vexR+5RhJotlYfLaV97lymt9fBDKQe/W6koYCFkmktNHCNW0ZAjTRRhEreWUYGw3pFOWZZnY1EAU
mimrvcgrxzxWRpGUQnmozJI0Bhp1hPUnvvdPUoRPFN4P/un/a2BwEEOwcOB+7w//fH7gh56/D7xK
QSFAr+KPPO/Kp0MHilrpgbc+95SL6AHlOOE40no9HDAO5tQgMLaB3Cj19mSHxygxEsNKArRr2uEe
qOq9NcwDEc3Q2w8N6CjbwwjYY9x89IqfXQKhIMr/8qoX7dzIVBsdZvbBUy/63Bc8+5N+BIimOTC5
BhUc3uHa0asw1kA7r896+xHND7PlQUaNva6ELcQRd7ASl6nSGic7jw41ocmCCTY4bFZHqki9XTgG
Mqyt/QKdmYVEoRxYpeN/3f3N2y8eB5jrvNw1X/ujr7n6aiAY64Je4B7Hv4d/WGu86nvvINz5jq/f
zdO3DKjHOlaiXe4S9zLx60Vo3hWzy2NfqKmT2mQ09zWBbYwnI2Ju/E+//us/fPmNh7S2hsG9HjQw
2ixOAMM1IUzBAq82RpfllBOME60tY8K65Gn7D9/56VEd3+9ty/IPl9z7n1/zfTvCmrspk2pkYJJ9
/oqL9DjaBV6mUnOszMGFu9yyojoE526e/P0ke0FbzCb8NJnRCAvzRPFeS+u5O5z5qX/zkc9rAtpe
FAMv6AzYBFNNaFOSw2ubWzU35Qtnu7pm1Lu1gE97ucZrzn1GZKWlZPQyIbhVNhAsXW798z0uXw8W
IttkelNzyCBjjx26YO9uvHyeVFUpm2yo5pjDMaiUZ2FZjeN7fsSLtS7OV/3Z0Zf9z3rxo2ubKFKr
ACLbV0c5GXAfTFh7Xh2UrbkD1mWOKSAFoD8+9Kx12Z87O7ZbvAudYU2WETC1qhxQsLqwVcfb5BiC
x35YTgCZQMk+KYyJsDk6ZFy3/fyTDo/AYPh4F0ENcBxf/OKvqPf/t3mE0NvA3wm7toGpNs0QsEoy
YAgDDXq0ItGzXcI+Og17mWc/7X2jYGbWOjFsg24EYld1zEzH1TAwq6dQFXePdTQmoNCjzLk2VIaJ
YWyTRTrST//WNXOA4PHxjlJWsrLn6X944gd3/+V679k34bardu1A73naNTsTggMYAA+IqZEJIMcG
0D1BIFLQLcHnQU/f8vb79AxlNImZXVMggnXGKC4mUd4H6rAjL1tjtY8cGliKmKVRFDq1A49VALtH
R3X8jrt9BA2rv5sFzUiYNalLPn/5zidcMb5AyxXz7DUXSo38yu8d3TbQbmQJgcKaDq+GdzOFRnVY
jeqaGEYSqGYWY+xHm1JTttQWynOEjgAv9iZTbcfk6HBdmpqCtQ2CETNLgxhrNapxMl8JA9Se+/e8
9XGnV9E6vV9B7XdNHP3iF//u4ZOvedyn444fOHQEhJTn7vvPXgt0ZNIEN7cEryqncF47/P9j3WVV
NdUAUEYfrNXp0ZVhwGO99JbRQM2BmATAoCaB8tQ4HrWW9j96/PQzczguWUZqv5u7FfOUJ0+UQ3rT
ucrQnrWdTRBIiFz3yFd/zTP+8PTvv+mJp8Cpgal88M4QuM27I1mG0BmYvMocll/+KeT2uk1wHQDg
7UOYAsCtvzURJeOkDX7DG748g9l0aKQsh12W/M/f9pY9wuEpjy4YWdbSMZZejgVqBUc3BjRdJ32h
0NQ2X0j964NOv239le+tGy69y1s/4cxxGfIH7zjSB7195nPYo2uSAsQFDvCokuE4UCFFoAOwePBk
iYOZWYQMEtrErI7nqTdFdJGFjtCy6YLSuPOXf9NX7RfZyDDc/mDPeNbStS6bcMW2ZDRG0gMsYCLr
tCeEvu+Fj/zZL/sRB7/5y0f33KwzU3dZOG/ureY+ppsrPSot8+r0aCo0o14wZRJmNbs0NXm7W2Ew
HHDQRZvLVMrAS/7N0Q5ycDI5GVZXg5rkmtEHjVo1F++OD7yXuqBVm+iMOTRH96Zhl2B0hb3AWlEm
sXvzt/7Nfrz++d93lottjElMnZpoBPKV33Ht1FopWFOuXaAuMYrcatHQ9sFOoXiuKGIhVsCIpUUM
Gt0ffOChsQKggiYNcKZiMssYdZo1F5yCTPeAFqcXjgUYAm11dp1t6nD8x1cDsFYDC8QluXDXH3vz
ube+/14/QdpQeoAHdTwma8DnX/zPTwmWTdOjCHORgKKuOXACtJIEHR8hlhrEMKZCiYL6iJWE/Io3
rgAdxpUBICvCFbNcA83bepVpdUNZtW8yHU9pdXPEGa5gBvbBv3zHkWqQ7u6la5K7Uy+41+31gX/9
mkoLULrRwvHQNHFwt095luckPQny6R93qNYaFE8KCKyFzeHjLGhQXVOG4LEuDuBCQGdZqQCojndo
y8vcJkJwhMjqOhliOqquORx29TKTMqMWaeX8xTs54hw4uT1Cf3D/ssfXK5/4iq0R2e5gwaOp9m2n
DxrAVr6JhYxKARyVANZIdIABsL3fr+sKCPQwhzKsdlUtSWhs4zsAEyybC2o93For+K7hCMJIdCus
AB4wsqCaLIDCbixR9yd8yh210GN7vmyeg9fd7WHf/lePeOVAJY0hMAMI2Mhy+7EZBsYchLC61pm1
tPmfgilTgAN2lmed1pJgjSaMybXJYXiPSGOIhZUBSJYMM8tNrz1AplTnMDrkoIxRQIIuGVnKAKnt
vuv9RxzoX570AU3EAAZIh9p9sq98zuOMZheXeMGgI1nywEqDEoCWBGLVGNXHwOacGN5hvx+hUfzK
5wNNdWFC1UJKaBg7jhXuCVHhJih4JIG/8Q9vhXfd2WstEo6B9dauwWTCWFYDcGM29xTG7QzhXt9z
aLrYQKeGJR/fZ9zudftiQqGZlXuEJnq5ZW7tTIA5aCsjW21dhvn+WzmnDWqfjLz+O/73S+d7TTBg
DCJlxIHmHRAoyiNnwWYcolFd/SdPGsBqjg6bIygFdSlgLxR0YgQlJWEH4ei68wTlmdIo7RN1U63s
Rx61A0AYW8VcAWLsLx0kQIyTcYfUVZlGpxfzzKG3nzyLbD7kh3w47rbHQBElWNla/4vCuV7WJvhy
ITXECCjMcvn0gYlFrTjeM24km1fSgGIU7KJnxwFPf9llCiKye4KLR0BM4PANp659qQUpTTkkAQW0
MJmm2erzWBkFa4+hMg88cNnBoBHQJqbv/RtvkesgK3r7GJtwSj7co0NtTzbA6SaYhpi2LHI2i4S0
zQSJcqLy2mS8ShPRDkDgT8kcxKy40BpyRRicuOW2ax77o3BQFAaTTLQLBCmykez313/vu8+WWMVt
voK5gnZrJNCiqjdO/NZekTd/VvXmZce6MAzdETA5sKuUECCA1UA3CE8SSbgfA5JTDMZSWrwpJ4ua
6BrqUqsGKHWtx8zkRAfrH5695ilXT8L7WBARjrC3B3AIRrvxK78w3z+l2wDv3YXmEgtL9irQ3adf
d9md9ruVKTVGghI3j5jBQlSLheKe+4na2uhALKOEitMYREXYV3dglHqdPj4FAgc0kuzmccezphuw
6eUUSI5i7eqPXvCC8384NjMLukPRkFPHXUEp8jz68x/8vy4lr045IcJlNgXLjNTlw9syb77dKQEr
5bE1ZCRlxMte4eitYIYHMGVpX0CGDVlqJkTBm8VuBsvK/PGjr1i6Tgp5EK1yuA1x9vvLjl3YjMYs
HN/j/7zwurefagYozTE3/1Vv7TtqXZotzzMrheqLAIrZu4bEDDMo6/xzerlLYe1eouHZhapdCVqL
85nUmCii22J7C4DsFtSAwt5phZJOuzfzHSkvWJ70xR/ELl0GUSWJhtEAWrvD46146jFGgPHB937D
9csac9Y6sY6IPukwTM/F8ULuJiK5TvFkhobGeiIzt7q+/68f+EvXpD5+Nuq4Gvs5V485xvftC0x3
UdrkJCbABNxzAddmQVWiFkItU6W9XnPln/0aLRideO4nJZR3TWCPQbQDl2G12595L7PIWS4PqFu7
MrOCMtEiVjBGyUE0FgADYi+L412JDva//8u/9BNsgmxAYzlf2AFSj+lLTgFWL5rVmQcTEWI7neYa
FoARVzSnvNkWe9V42F9cjcQwBqx1F004XDOqYrdZ5oiPElrkR1lwdpqWgVFwy14YYpCb2AWxZezL
8BYjEnoS2Ns2wVd+0hW2ZHet0ETZx1C869FjXU1rTs7C2I+hSUkaXAoSXcSETI+BUVMdVMk+/JUP
nHqlEows3uHAwyQwVvQS15KIwtiRoVDHhSyjPYZw/rUz9oKxCDXZjEnCUUODYz203UHgbBa/QFii
z1/+wRNIaj4cznoIhWEme0FTg5IXGc60R8cdwLnfKecI8Qwgr9Ot4aUgxFUHP3P+6p2omVZhFUTU
4gUFDK/cT63Ze9MyXG64ibTXu/3BJxBe54VbH3zbHG2n0UHVWuDVqVXoKuxHc+BkcqBEHeyAZqOM
eXTZlCaZIOB+qRScuKi1QkPQHE7GunSyWbsMzXAYWhWhBVSf5NzUQGFKHQygN2d8iFDbl7lFJ0wQ
qbnzKvjvH2v7H7/wHXe65dRZgEhE7C7UdowjtAXR0EBs2VQNtZzNRvLOd/RYnYBgLToU6E0ECEpM
BtrsZHjp0pKI3kNTpY57CTbhfFaxMYyVYDeNDNldGUqwSExPSiDdspRyWsNHH/Xyop/e55p/ffDh
lacuf4QGSBaQfbVCs6UCMk03prMTgpqQuMcoZJXu/TS0Ub2JSxYjOYICY8pvnoJriZGG0gxKA60J
ACsxoEBF9pRoYQFEUBa0ye0Gs592JdbcqbB4GJis3bF9+nbnL37am17oz7rdA992+LGXvfWms0zi
NIBSDYCWK4vWFwDW0GwsFz08Yam1cHHv/qyyqA9c3AKI8H6hFZWww3Kfo7kM7yUkXFkZ3nxElZC7
RgupTl4arfXCIwPgKiSI3SmjWwQHBkQ1V8MdSBzVXcr5b775Qade/fk3PfbKo/e9+gN/d6/7HL0e
IAi0SfzmO/e7rW7R8YJEMuZwL9kksOkqC42HvM0rAQ+hQ3qgmWTpxXCYrs10o64tk4Pt8YReZhar
Qya68Q7h+o0P/ZxHLxYmFEKGBWO3EtDmb+/apMuaA54nFqeM43td39c89nGPfTT0nT/7nWdPU03N
jvTUV/3IfgWFBAPAAKCSxkcPegieGna8D95ilaBhiNzk7ybv69rPHlQxrMII2LQgEsVgOKaQJhnK
dwpq99zv+syaQQ+awYwEC5OKnYUubLNGZWo6pU2yVp966K2843e9+zNuOfWFVzz7O7GXcfq1zz++
bfDUJ7/zu49drcVzOCirF0NHl1327vfVvdYKtZaHkVw8Y21WSMqpCW1GT8zTeyMXDgZS6JDHpzAB
yD2w2eo/HmpwGGuZ8PjYp79pOEmddAPuA3dNYVzQzgKaWeYWKNJkoVFz4H3LRw//+D9+/ef88OnT
F6r60rO3/Jfjr30In+HpoWY4PCE55tBx4fTRcR1dvBxqHh0C2dJTqeMDt2ql9os9wpq7ictuGlgP
DM+dZUvuBRMDU3OkZpZJ9K69mahVnXzouu96aMhZqLU81lIHSCH3uu+XfP/m5BrYhi/N7b3cdrjD
R49vf+6Rt9zwwd98yrjhKz/xeZ/3/J964r9+ziLvx1CjodmS0VwAL1ovGx85+tR7SIBPA0KOBQZz
QRZPEIfAQdHgPrn+HKb2bu3WhoROYQrTwAhbi4UqUARcC7vGff/Njz6+d0tGFSqE0hykJJ/9xfse
9TaqtoK4qfQPHd/cp3ZTV97j5k+97vW7V5D66lf1Lc963N9++uccTXUBKHIzgA1X1nTbH33F3Y4P
/+ZCAxkeADKQsLas8ljilTJsgbzlp7/qC5EhYtY28A289etQudAWm3ChPdZpGpc8+/F/f3r4fV67
xTSQNJoXX/0p93rgKxGsm9Xo9FpA5sHf//lTz9S9b7zk3IWvfNI3/9K3PuLyX75UL/mmj/zsw9+E
t/JAvBZbeGtLEW8xm5R93Ute9f4+1EBTXkdGl4FenC3wTnVGR2rO8uM+8JVPOexytvGKNENl2RMZ
Tm3TuOpqqunon//wJ87rp/ijT73q9h+rOZqpOZotavz+Hz7lOc+do8tCW/WIV4Cui3d9zRNeeuaC
gvDW07fdoc98zl/t9u85c8f94djdDMheDUTDUEdmAhr4/ifszl/2j2P2JjZibcuSHZM00hmdoUlV
4brHP6y6ILhrpdQsITMEGuzyBIGTwRCK33/9Jzzpx3/jtqc8+EHXH2/BgZa3Z+3+oX/72N/5Gblm
2lzq/n+kudxeuyvf/punfvhQKdZlf3p48U5vvOZPnnG0fmtznj/XBQE1ukoX2igBYgRJp57woiuO
HwMFnBCxDBlAcwDQYQV0xuodvEx89jMevxg9uQBFNSsKW2IKyFSUHNnDzSF5fg+e84S/eebBG0+/
4/z4ySffrgKouFNL5z75V8fDkQ45/O7T7/z05/e7XrDq+i962PlnX+yxVn/oi3L+Q5/81Cs/dJeX
/UYWL9w1lGBlGzugJ+bmJejZh7c84N/UYm8pRwVBhskAzDyaKphYMKGpBZ69uAjUBJpo7ICFxtJ7
D06a43R6qmLP/NNnffhdX3u3J/7NE//isz9w7iP/6Q9RaEPrdPuz/u7zvuiuCRb5wkfujvni/3r4
7r/+nrrpez96sF/iAg8vu/2/vdM3v+kZv7T/hjNquqct7I9rIM4ylsPe3XD8WbvZdfHHcccf+/Ax
pG2s3wW4GiIdeWAABbbVgtLr2uVNqsRQkKqjlGwYO2xRChwtAzYjaRzM+79s/PLf3vfnzz/g5hf/
yedCkNsEreNVv3UXhPPifZ50ZvkB/d4ff/JND/si8OrdPu1/uEy63/7o9Iu+/Wt/72O3HgckdPp/
/hCf9PZPGmutZehFj37Maz5WT3/rr1yBvPPoAQVXb5U1TYBjr3gxMKsAYJLwzk2fxENBCJ1n/s7f
3a2c6mxJQKSOD+Atozfr40H2lLF7zf13czhd5VCeu0ZpRU7PlV29fO5vPf41l33jf/+Wa/7qSzyc
C0+6y0/96Hetr3706cve/b5PwMU73/C9zzkkceepVzxyt6+GEP27U791h8f8wbMe+IQPHftL73zJ
DS88g0pglBlQ00h1NHdozGPvSs2PXJUhtLN1AwaGX3FqdgIcLkgLO6IwsWpQvavtwLezjuwfxJnu
jHJga9cuH4Pafdel09bNr33Qi379R/79/7Oc/1Jrmr7ie/7yvYOfetkd/0n3TD7rI9/0L5cr8G9/
xvicfeSqhowL9/vzS//9qafu7/fen/Hr97/8tD2CpYEWCE3uLFnN3qJ1plV3/rzPOK5osXemOqhm
/ue793s0PTGsPobRxIhpTI6GDzy0Lmt1DvYLCnas1n4HwZy1H7/w0Ss/avX7r/+y5QVnPnjF7sWf
GcVvyu6Fp54h33jLvWZ26+vwld91MfB87B/w6eqlgbr6F26afsP/Ov7k7/u2/Of7LmfxpPqag/ud
710DqDmammOOrpVZLuJgQ6MwhBwQcX/C/iZMlm99wLkjGNkyVANOzeGBdbtnF5zoZ0GkKc0tlT03
k0ZTcCgAx9cf3+f0u+768hdc88h/uDwKtfvFZ75hGfTordXMZR8jQ5Q1zH7h5b/mZ3/0ne948e/8
0/+43fu//eje40Nv/NjTX/bBvpHqBLVibmrScZng/tQpK4qp6qxNwOT6gG998zkCvt37bvVECIMe
K4ImtK41BKrWFROtFoowjZ3bU80VE7MLRxADuw8e8Psf1G2Hn/23j3vTz18qMH3xm992h1GhSXeT
PMcBsCxeLfSZ3eEH9n/zyue/4d2vvPH3//dXfs2dP++2HZ9zM59y6iOXr6955bfFirKs3P/qNx1g
O9vlFDZiDFNoBgfv/ZI//ISS+9ILXTY4CxKw31lbfL8mM5qprW8Uuix7NIBlJWBGQoOWumaEZT/2
t7ziMR987nWjt/ScR4No3vqXF7+eFhNBK69iK/tDj/noT3jilffHuVOX+NxHH/j8N//Mm/7fJ526
8ZKDN/2vH3rX/S+WYAJXXRd5XBy3uxVz0AOW0SrINsbRUE5M8VtefjNbBVjWbPHkLbdMWGM1SW2x
tN7+LdwaAWlCoeAp5vjgpZ9yCU4uylQHA2s9979c9vXXYb9zDBWv7UJXo/oAOvLu4nLJDz38W+7/
mF+Yv/ItT/+mZ/68dTyu+c47DjHV88weloZuPtjhaIcVgaQJayvbj0tdm9NBxknmS9spaXRtmYHl
aIu3Ld5MfmPCAMsPfM1pe2BfhXXprmVaYZeHx9y0831tyTP7By+54dY/mB6W2cWr1eWWS5txc/fK
xzziL/jGb/9f91m/8nOv/zF/3f2uw22nqsuv/PNr+qQVbZGwuaAzerE3qEKqiYQ1BxqFrq45gH0B
xKZUM0yyrAsmCUBTspwMe3iOLfha+x0sd8UVyqc/fP6O9bdf/WFLNtkKrBe+7IdHakuKSmq0CV1Y
Gynj+GF//76ffe8fnrvPLb/2CU/8vv147lM9TxeCs3+aGwKjIxRoj02/d9bt3MblpA8+FmzfgQkC
WHvHTa5BV6EUFQ66ByQFSsMpQers0FCq1gEbSVhurTk6/KXb/voLv+IaGkFQ5qC/4CkDjaA8u/lz
H+ZyvHiLuO+31P958qnPvvj6+9/9A7f84jU7ecC+48/e7T8fXr+b3DAOzqYwAKFgg9Tmanv/w991
SWHK3LpeczPWAWvBA70BrgQLTli9/8iVJ/dub4nzoZlw+0laXXLTb/jMP3vkv/+LM/t5yOrqLTh7
0m4SIq7FqnkAQ17feZ9BqHl87Tvv/c333Z1+z2W8eEA67K/6pJv+54e9Hw2qkU39A7o6A1bDFZOl
W9/zwNTc7XXicdvQJduLCqLUVAo4nLM3p+nyocsBywMTGm5kAH186O1OGpNhhv/+Oz5w44IWeng0
cyJZwkRA7aaWakPCuPZzH+KgoVPP+Iofv+c4e8VPz3lKHKD84K/PNU83TaM37pHR61pzO+8Iw4U9
z517KNA6JuQO4870GiPckluFgZp+P/ZdNWnU8Z219UAN4riL7OllCVBljx5khudD3vGxdWhBBdyX
ALK2Xx92AH/uw4Sv+aFLAa4Pe9wvHIsec7z3bsz8Kr79t/7slp/YA8x48XM+9emzqzMaLnhsIJfN
DWd52GPSesA7NLMlXQKBwYKzH+Gm4zqFuKwxP/Ql597p1Kpal/lx56ezPUE2T9jmSA0BCyFmMVFq
hQAG2SQ/HM9LYd00Fi4/epZM9PV31gINqO+BJL/zM+cedOtVb9EAdPzwP3jSvmlw77SCVhHsaXZl
RI0B1VLv6OkKOhpVaLH2PlcDbDS2hh+Q/cLTXzVBLGnOBEYmDBSogYFlALI3pJqRjfIW0ula3Jlb
iryZnDnz2lughoNeZbie9pRpboH5qjF2V1z/g88+vK+fMgp1OulCEhV3a2jYIxyLiKXpUjuYAIMZ
hGyjdug5Zvf0lp+iFsLyxHf//F9clG15jBquIiFzTbwP7rJfL0knQkxRmbBkG1QFrBE2USBYGH90
9tdV7ZpsEEuMjicPIGMaXf/636aQb4EzRMgpasvOsxJ6LG6r1/q4n57t1BgLWSE3jd+6uH8GqTCK
JxRo4EMP+pWDqc1jrS7YKBAqxtFHc3ALuGxML5ckjWYV4pgWvZjVxsDA7Dc/9svVmE2cnmATI9gL
F6V0LC73hYy60qhek3S57OhIBCpxbwovVWO61moS1b1fE1vYd2QJP/0pF89a6TY/HiOQxkN3Qsyo
TXgjcpkTwLLfay8Ky4QN7BFhVQSiGCsa2AmLvI93o/74L08p2VW1N0PynlwSOJMZJjwbwGl0Y0Rc
EFC17r70lSP4uDXa1MXjdQjsAGhkV4TlEobPwOE9/mBPLypoL5HpDnCIIIlanYBlNIYGoR7AMBqT
BQCbdZuxyAbY9F77bgBCpuU6FAl3oZYKQYI0kqHdqkyNCrMfAknQ4Azmtf2oP31vTQ9gn6I1l7F0
Q5bSS42pJggPTpyP6sk/ddmHOBtwL12Ylx0VgtXUYALUAkkyjjCBhB61QtXKHHS4AWXG7N2G1+mN
RmBA5NSKgowJNrqpLY/bVTTnlray2fDKviSit7CrrnrJt+GXX3zdjGtXJcydgmAdpc4y3TQzNv+o
hTY/6RU3H1c7RLKG+x8/R4a2pyssH9vABA96y4LEXb1FwAwWPEMEwkUm6CzO3LOQTBuNaWjhMEqJ
jCqVlKi08a5agihqXKAipIBifd74lt3t7tfURoQZnvHgMrUSDqrA0d6sgAW4V93tALUAZERf+awD
A2OoQZ0GhpDZStNUNGaJqQkipQxD23RQLjMqONbOM5eaY4ghVs208GGTe5wEjIMmUI7CmV2k0bIm
eg60UMYVv3rNIx6/pLE0PKexaN0e8LsRocGZZnbtEpGdfDi2u4RFjzfOZZBA0guO0L0sValiKqoA
vdFXOJnWGkWoro3+VE6NXuTsooWYapTMqwD0SMHI9mSFUpiMPk5LMgxt4wp4cTi1ecu3GYkMbH8q
C8aYJ363+v9DGBYK69IuTbiY8ASZEsC7ro6AMaELp7f6NdIcOKkqa0MwGXIlQih7u7q3a7O9qCpb
V24B4tZRrGtIOJyehNKK1z1CLGunD+kkWkGJmXCWBhynV2E1va404W4AHS9mW2stxo6CmcCuDOw4
xkpwGNrrwsXDDtymsqfnvGER7f1GFqntYpwurBk5IYj6LQdVCwQPjW4Ba81VLYhctglsGdgZ5gFK
3AFKqwb3NItY0msImrhpYw8Vl80dXPSQezllTGxsp81RvA3QV1HBBm9oUQbkqXfe5Vm3LsEW1dwF
Y70CSX9H/d1aBaKohRG3ieNGIZh6uFcX1fH2VqXG4lS2+C2x2faaAGZ6ssGVBBqAdnsALCCVQR67
iaHjYUKc27w5bKfEHbgFZSe9Oqk5gNVqbZ5OOqtB5pIf+PPTE6EgxIpPjZXRf7nTO4VEwq27BsUG
asMnSpfgaF1kyZVpJgm4M0aPdB9EzTGgU0sR6B3AxkbBUJHJxd2GMGC1PHTXZzbtO2QiNga6GQc1
2cDaUNvQzjgYNMbWz3AtQ2MgOIhSvPTMlyYaMtYMhDEM1P0/+vXV0Xs/MI9/A3FSgx6iu9AfvGoE
Syw5BakUytOTHsg+VrBOe3WOJmeMMa/56l/OKneaxTkN2u4E1uPrsUP3fK+C/J9HHE0tMjSCTjlY
sC4VYM/MLqkAFyYOWrNno6rjMfXj77//457ZvUcvMQoVl9HJ4Uqd+9xv/omzX8lRzLTjeJSRn3ny
1w5s5iMQmCuQxo7JRtsN0wWu1rLbUQx7ec1vfqhwDGrXk6DmiAcDyH/6l/98zf7Vf2gKD9hdHJ5g
Zi/esB2TWb1DCzy9GthvBwuT2CEsTzzJHvMbnvOGx3jBcFmAMzFPqHfrB4K7/2QpXgvYSFQDU8YP
8gP7psmrgrHXxl3V5g+f3L76XryhpLzbe3g+7+U3/onNbGQDS+tibVZf4q/fe4+XvOcXT9fMLbvD
SqFdweJG4WiMOQA4pfOnGlsaeF26nPUf/+0O2FNe5qu/4y+e9TONsOxUqKnUqnAedK1Hl144lKFj
CVQziNQbvNkUxI1tC0aBjdaWUVJ1Ki42jjBm14eu/JMOMdwtaRqLBZzSKTHzXm/65ot/f+l+6sxP
/loNrH17qbYfQddLvuD1mJi76rkYtA/kPsCb1tF57Asxz90YLMf7T/nA0962hrDNg819WyZyUAZ4
6VXLaKGLiTpGy6tZhQGQz9hvjrpNGxxzNJEMe7cfsMFAmpL2PbKbBumUundWh7Xy6Kyho9N+8Uu+
/dTX3Omau/rDdzteLo79mSnDw+G44pufs/tfn3PrTz/5lJPNPbI4nE/57m955Q/+wq98+oVLLt7t
O//bzZeZxznU/tDaUgNjb2B3VGHNsWpZI0zt9ppVXU2PvbJ0svSYG76bJtSjR1NorhmGPSCtgJmV
g8t+5WW3QEI3txFWWXUJmu+/y/HNv/7c95793VOX/f5nvP/2OhaXPXv9kr+xJd80LnvBx248+MVn
P3ksE4yprln17Mf/3LknX3j1C8/gb97xpjt84B4344DMJhUPzAkomKf3QdPyfkyrvEo7y5Omdz3m
MCZ47QyJaBawqVBNaD2YQRRu6EaMtdAq7ceakXI2HZEmCt7wKcm3PldOuSkgTE1WY/GKvOKv3ver
t5y+7ofHwCkfh9m5Y40XP+YDX3HPT3nNt73t2R9+zW/+oN734BXg3PXmpEVqDlsJvTRK9haIYFhA
A1bZfQoTvFrHp1YGUazC3EY5Jsoe2GusZbB38Jiawl3eevstWykr9EZ7rK5V6688cUeYGceFtUZC
bghwgNc85sW7H2Gh68TZMfaR73XFH37Pn7361GOu/Wi+5MLfP+eWZuuENBtSG/q15ibBpNy1wZ/C
k4wjAPn0eS8QvKzZgDoVNIK0I2QzdWS/ga56apdO/KozPRZExnCyNbrpuLz82x1jxG+VMoYpyEoX
q/SDd33Lc3709j2zglw1dMyF/MCv3udR7/vy//55Twg/8ZHX3YhCFcAIHAQqrS6zNuC0swAES2kQ
WjeIdLu7zWtxtNuA5DmcHtscI5DVS6Or3AqjycIWEUx2szn2ksfM4qZSc0w8/z9sLNJ1UXYz1eVm
yLB8fPuzH+5gt86DKWEqoCbXw/dfceqzXvbaBwx/w6+7t4ylNWXJXVBvQc250RiBaO7cKddmimQv
c+fjg73au81VWWPFmCtWz0UjanZtLbNTVLHjfvvrXvA/CquKTYIt4uUHnwiA87/zi8FCFQ4WYp84
PTAUmsap/U3jlpUrFlCWkBjk4sc87Cue+3v3mS/6oZ/71S+7VACNDak9VUdAgQ47RoaqCiqnioWW
Cbqa6xweIjDTmEkQD7Uyjrb/ahskp0oT4CjID/93T3hfj819VUqk+bo7/P4tRPTtHOyNnds2SKOO
0VF2AlYfz9ufqtpCD8cSRdO1/9OvfEB9+XrDj//ns1/1R49wqWWDRtN9YKOzSFVENdy9cbKwWaKd
zRCEEiQ1l4Zos2JWoXezS+XZGzEVtc0x6Mvf+dArn0ZzYpINaUKP+c5bDj05lqQWcos0M6ghb/BA
t7S4YExX98Rc5pYngQ4f8rFrr/CPvfsRd331of7hm67GLpZrAEHVMCir3QOzO6wlQVB7LI7HTqMB
jbb4tMf/rykBc5sUjLmBO5BtdBpwK3xmATV//MvvWyeoUfgEFb6ioK6Ec9S6nt5GgECQlrjlwzx8
knfjNtsmcNk5j0lXTv3rY57/gDc+sus33nDqR2/T6engpArBFsAvdG0YBUZHz37Ls+5TnhKQ2vrT
SL++ErOB5oKaM3APbJkaZtPdp2cKVa0n34dwCZT3YrvAjEFIwfDtffUz73bFcaAxZCIHSwXwKsCW
BGQRPGQqfWGLyOPo1ru+9cF4OPpfvuYwj77hJU858qbWaVZ1uoVpDkEqYuDw/1nHR262cELgEUwK
p1KGJ1KARgrECmtFpmAyE4LA7NdtslRtZKZayOQGiN2HnLz5mV/wvAc/eaK6pwnGK4CFy8TOWr03
aNQQpOllX1zl/ayBoQLyufXtvPruL9rE93jBAFDLp+8R4AiGUcTq2/3Zve50aA1GBuXIEFUaWih2
zw684YCzkKOTEoc9vERDJaDQUYbCwhIgZEVjIPrYbXe8Tjd97DaBnsD5Hr042LshyxqINad7v64f
+f7exwPUHfZLDYf0csv5X/7qP7oaP3aoASSbmr7e8uEdlBDDbniOQ92CuVySNZybL2MmguIWuPH5
AJkOkhZQRa/G0jdhLYlGhqs0g7DbBrbEL9zp/rnbfeRDn3XlS2+fiRrw3ZdoemS3UKtF9oic3SD1
1/f+q9NurSGPLsEeJILg1I/c4+W/8YO32JMaJFnoOvPuWSlSLXDO03Nechry/txSPdQoYEfw6g35
U9vRXWYslMd60p00ULrkvaeXrmbg2pbQJCyjlyYAGZoEopv++Mwj7z9WmujdWmYANUcjGNucF41g
ffUjLrvt9JEQnqCLTYJyUM/5AewHsJbJeGn2crIcIFvU6eOwoX+9N+QuoWt+4J8F7ATXDOMtilbo
rCxgqZgp3/g9dzqYAV0V9bZRBrCt1XHsbNBk7PSDd7/X8QUMBdWaWHTCQjHYywIU5lJjd/DI3fnd
nkM0AmUGmtniC9/tk7iEVlOTWkCWBhRQG1zDQOa7AURjGqa/UcH5qd2qEqRhsDtBaQ2wRpHzXL3p
hwY6xsQeVcMZAxiHEO7aBSBmIB3fYf+YS3fDKxAEGtNKARMeJHzikutVhzloc9/adqiMAVBrmXDd
35pmWQMwNI1krgg2V3CTGqutxyhOzP2B6x7nlEdxq5C6sG8UCiTv2YJd7DL4vW++zyfOUaipKh4/
P9qiVOeK9YEP46T1ZUKc90WCmVQPYgVdAMWDltbuioOBmuLEJq4eyWRPpbZaZuAdcG9TNag0GYjj
YGMwYIt1WtG2PwW44Seu46Q0Xq7C3CCROx4d24XC9UuI3j4R9a/0N2qamy5xw2sBjBusOm1Ht52j
QoMbciY0xR2kV2EIxuqDmyOf2JEjsgPuJWIRlnf/7QAQkiCD0XvbqjBibfAMWMDsGGoHsipUFdmS
ji/5oh+oAWpSHeyN2PrUa+8B7Ind1U8fclLV4k0fwaJsY34QVz6tEBwyWwTn/mexp8EObE9u3G63
/2Q1sFB6yll4xFvh0hobXAWNfWe99/2PlA2NiuIZP+tvD+dFoA4bcbaseFtTkjZFAnAD6QbLznLJ
pywWwKuF3pDnXcMYR1CW8YlX/mWXSQ+frNzamCWLbQhdR6e3xN5GDdq0FVldzVZh0sutp8uAb/ni
x13rsUbmCcAIQcHpYmpG5XBMBKA+4aY7vvJyHVM3nR2T1Bxwlpls3rTNnLAuHfWyLlhLmKktbtmG
k9kuec49A6x42d9Kt/3ksuWfTI3FH1xBrxta5SALtjwO1Z2tgAKy1gYlMot9+qP782j+0n3fejMm
R8aioAAphZkq2BbQKqwBE73j787+yz+/+qiCOwADaMHAVPTx+LUNLCgIE8YSW9rYrUoiQGS8kkdc
ABydms0zP+RWqqBMz77rcm4jcUv13suXedS2GhP0moxS5oU/18ouW1mD9z3qZwZqOf6e+99dMpae
wMamWdsjrqI7QbbNGqbmJz7gVc9+xo+8XljnbjMzKWG34IJ6cgJ2u7G/+APQnMwQO722GGDZ4NhR
ldKApxorafRQu7dUyoWLMEZD8N1vWnFYIqoHtSwa6An5TmNhpdijmM/5xtt2znzaJz7lZrd6pZoN
eZucjUzjoGqw97u9CmHYx7c/c/3L/uQ4NfY4VjdmAQdMPNEaqCQGKPZVL7rLsZy1szAq1UKsoGKx
4F0htQwsXFAp9GQzxQSfevTIGx58Q934fhlYxuYLqA3SYGdXuPTTj6zEjNeht33h1RgcuHxHlAqZ
lXILHCS2dMZZ+e8/+XfOAa0KmdRXPOCTuQVoFhcZUDYLZGFu4aZY4O3ec/Mz/jEiqqaY5lXbyhqt
S9eqE+jLiQ1p9ZLebTRD7usLX3iH17zl8+7/Dow12hYqbI+8iXBYkyigfTCDg4sLTt94SnMOoTc+
ouZGNgt2E9q4sP7gw/af9HelsYYRNMdLHno2GWge706MKVyOtUENT+BgXVAffN3zxty4U3QPUZzV
QK0Eq1seGOvqdqYWUx5QLuwuHfmj7/2nh97nbm9D9qEBu2PRXqniGo9Uo1OryGO2b9151a57Qsho
z6l0dqSmjEwPzcbbP/enmuM4KQIY89POYvnGWyc3PD5cwipsP3mosw1qB84/bXWHnVRroYQKEkQ4
1iRbnUmGcZAt4SnVvOVfdLurX/q7f/zqK9oRNRyF7RpVBWOpQI01Yxt6o0A03QsQTLp429kpAk0D
21+16vRzXvSCu3AtaQbpFtd7Pk3/ValTykQ8FRAnlZDJ2cuIj+rgfrhDMQCngubTx7pMYYoZR1go
j6kZbVIb1nnpNPa/+yV3sS6+70NPecm7b3jNr7x8H9TmyN9gcGhuil4THoBTE5tdTCeN71ZrzCrM
AWyGaLiA6giGTlhd1ecv+8CbXvoU4t33ZMb2SzeM0QfTHu1qMUentkAtKCfc7CpT8aCHD3eMvaIH
CWkRejl1pLcd6evO3nx2nvrdB79u/P5D3vM3t4wSBreZosS4EE4NwC2hUXPbYzkzDRAbikQo9KqG
B9LNDGyMdQMOFlUFpz7p7/21X1XIrcJozRMqSI4XN9hVEIwzV2YbfKkNVUkbGu7KHZc+hJJgEd3e
fKhu4333ed+jL1x463ty8f6ffcP5V3z4eeMrBiJ0qYOyuQiDHsZKSscuQKkmOQwQnjlpLYsUFme2
KpuUwIwEQwvmtB+8Xv9pjz73nQ9u4MHACg9iQK7K457WZkGoIvuGrDDEpui9m9duxsoN4YhtJ0yT
tdGt7TH3h43XPPL47J8/+qY+vPObr/jt77z8I9gt64IuwwoYLE999/2e5jEHmsMTOMlfoXM4oa0q
zbbABcZmVTFwgkjK9qO0ceij95y+5QGbDxogsmy0gdvO3vfrn3UkNaETj1Ft4T5DzhZkcR+LKHVj
LWUZnEKn23IOfHD57fJj7/usO9/ip37OA674vt3RmVOFBag12okRGv/3y74do4dd8Tw76Mh7BotW
jRnsBgSQdLDdMAASaQFDNow0Bqdzv7tQmVFthe++neb+8z/2968/j3Q5jZmdGG9qHTIVXrXNEbeh
oMJeAGCDkFPGV//Jrcur3n/t6/7h7ne+y2f/gSZ0epLYbA3b/sRzZ2XrtsNdM9vx1CqU1S6PE6Tc
JvQZXXLAtTYUHqAJeZykabavYJ/snJNSVrXtV3zFqz/6I9XLZkCHK+VUY9krVJvXWo6XyW2R6mY2
ybZSJmPu9sf3ff3Fu91811vffP9fvdVPKj/tx7Ftb+tlBWozWKKBENwWCq0cvcxsVN5td+1JnmJ7
U9Q2UtzYm041crjf3uK2DgWdDcyccHvGgWCyuYUBhXuREO75rtoe9t0zWwW6JBY+GrsDESaANZfe
gId+6LKjg8/+wKf93pN/dNZ/XicmDcALMN+XtQgTHPQEYai0cm7NVBY48dZDrH04DSEYMFYpVGaq
i2OKWgWCwei1BojyQKrSJQ9suxcRj5EghyUK432nZqI64NO3bSjgWBkEYy3L216LCs3s3nPFwVP9
/Te/9Bv/5ctuevX97nLDsLHt8zJu+L4HvvUJv3H9K8bc3AoF96I9eSJmIgpqghnuxVrP7Pvi6eDC
7zz65e/70SmsJ2u41MenreZJPmbb3gUr1bUu26EW1mVrh5rxAgfe4gQYGif3NI4RcNDwMMOU2gcZ
B1jP7Y+vvuZD93rWh5/4G+c/8evePDrS9gIXfcY9v+sjv7P/EveQUUw75b1KqPX86659DwlS14FC
PwPAcivufqXIn/uZJ34DLnidABAJqEP3pNZtWDo1tu1UmUR1yMyT3rMn9lDkfarUGBLZcrVQkKqA
gFk0RYEf6B331RdevT7szMLH3fd3PvPRP/2uVW+9YcfNRjS8+v/87z9+6NV3+dZLWTNbZy4AQwCm
bvfVj/wEMNJ63UDW5Zmt2Qd+yw2N9O/c8PYnlxCWcMIJ1ULMpVDcvGgqeGxY21i1LSLZLRxkWdCg
L2DRihDFqxBksdaCsRmost0nBIGYp4+gm287fXzHi5d/bL0E2p4WJqvZj/qEV9z/eS//1LssCqG1
dxA6J77+ZmAR20IEYrgXA7uJ9Q2fdd33M2XjhJM31o2b2fTYCH4ZTgaACWD09rxAqC6rywl57dUf
vz/5tMXZgkEBktryK7VSGx8wVM/67Nv/GTWOLvvHB+0A9E4rtYqa+MT/+OOyd2XEOHWBB/ss7QLC
uZvby4wPPAembjsFbiuPJg72VdMsAViXjrxtwKyVET0mFKZWji3LIzM7Y2ZxsA15Z586UhZba/Eq
qrmtOI2XqZNR3emLUUc0wYNzO2WZoy/q4p28cmAOefOxw6/9lJUn+p/WBR5zdLiRtxkSmkqPACfQ
uxPw6sm+cNT5wwysn/GK3jY9bfdrthhN11Qv8+RT97Dm6OoCJoa1Zte3nZHWiiqNsAWpqkc0ADTO
l1AjrIFzN58qLlMf/vtTX3J2xSKv9JwgMkbGw45FVVHQ/qZrRejoS0jBaJDZNjKM0YS5rW3sQCMJ
4B04z5S6L73TEekYUHeU8louwJI8tkXDwbaOxOXVg8Zcds4ZdNP4/wC8aED44vVJPQAAAABJRU5E
rkJggg==
",file:///C:/users/prakrith/desktop/cptemp_out/skeleton/170109_Inhibitors2_C5_3-0006_branchpoints.png,file:///C:/users/prakrith/desktop/cptemp_out/skeleton_overlay/170109_Inhibitors2_C5_3-0006_overlay.png,file:///C:/Users/Prakrith/Documents/GitHub/Test/2018_02_27/single_images/170109_Inhibitors2_C5_3-0006.tif,1280,1280
-1,219.0,10.0,219.0,785.0,0,0,3.3852217,0.5772037,0,0.5460035,0.3588023,0.7176046,0.2028013,0.4836031,0.0,1.0296066,0.0312002,0.1872012,0.2652017,0.4056026,170109_Inhibitors1_D1_4-0008_branchpoints.png,170109_Inhibitors1_D1_4-0008_overlay.png,170109_Inhibitors1_D1_4-0008.tif,0,2,1,1024,1024,2,eLu3YozoG03dA5O6USJhNI3TNI1TIXRB6dkOALtk/mE=,784ce67c48b1d39080448030b6b38637,0d29f93aa551f1b598a56c587ee4d955,nan,0,0,4,D1,170109,nan,0008,0,0,0,0,0,0,0,0,0,0,0,0,0,0,0,0,-1,170109_Inhibitors1_D1_4-0008.tiff,0,C:\Users\Prakrith\Documents\GitHub\Test\2018_02_27\output\labels,0,file:///C:/Users/Prakrith/Documents/GitHub/Test/2018_02_27/output/labels/170109_Inhibitors1_D1_4-0008.tiff,c:\users\prakrith\desktop\cptemp_out\skeleton,c:\users\prakrith\desktop\cptemp_out\skeleton_overlay,C:\Users\Prakrith\Documents\GitHub\Test\2018_02_27\single_images,Done,255,0,0.673828125,0.01,0.673828125,0.01,-5.12782375312,-12.5557625101,0.204324508243,0.0403448355094,"iVBORw0KGgoAAAANSUhEUgAAAMgAAACgCAAAAABslHx1AABEMUlEQVR4nEW9ebxmV1klvNZ69nnf
e29VKpVKqAxkJkAIAcKkCKKAqBi0RdsWZ1CxG2hFQaSZkhAmW6XFEbGxHREUEUFxQBsEkaGRQQZl
ChBIyDzUfO99z36e9f2x3/L7L7/8kqp7z9ln72eNm1eBBICCjEAnAjlVQZXTTBmIDKBsIjoEo0QT
iz6HabeEVWQ97s1HHnnXbonwzrRIxEzLgtKllkQKkRRKKFRL4kkP+blv+8QTfmeadOTrP7ONbW+I
RZYKDV1CJ1UmXAHTCBRUtsNUjh+JlkPSsqVRJMCeiMjCnEBp6rJJJDPLFlBqKoQgSKv23SCoJKVW
2d56zROeseOgwT2EXaFlyC6QTJaFQABAdqOB6PO997z7xJ9sNMzf2VYTXn7D3ySA1kBVb8psdlVI
NRVsumcVDBagpIJoRDO6rJ2uMIsqqVxJFAMyElNUMwMIgwKhgpCTdwmgvwVCwuWcV2Tfuvb7ng5D
hBAlqjwDDJjiZBmhTKw62KIAqf3tU/6rju1rxvsfff0159zyhYsueYWIDgWkrPKqwW1GAa0XTWHB
YmBSdGMrhTTKaI1JELScmjWhkJiqt4qOVmAPFJAgcqrsKAHVjJyqaHhKApRt7v/891yOKcs2bREt
OSugMjVHgQnCDUChAQXsvfUP++JpD9377Y/a3PmF15/2x296JIooFdKRUkZHy6kzEotEpFksJcvY
WuFEdKAlGnYEAsia7mEw2AEoCiwUlQkkEiYso9/G9dNGdM8pMKODYSYQPP7Qy4SZZlGgXemakJWk
AYhmSkRJRmbZ7YROvHT14Ws/EnrBy+669Np6xIPu5xQLmFCs7tvkdJGdSGcxDMuAI3ZqdpeRdq+z
BNkA+h0FQ208EJchJgJNCFlmAnWGqtij0LVPoaLRYXdEQABOqBi9apEz2QvRCBYYYBoFKiqrmGWQ
5de/4MJT8kn1v574nkTVzfd40IUvvuV7wEK5NoDKDR10uDmrIciAwY4iwCpApsMAS7fLvQGQ0UBn
LxaYEXSBSFegEnMDsGyAIlQW+gl3mi5JFrOsVkBTOEJdkL96YjePOyUb4weIytlgKyQNU2+5+Mar
dUVc8YvvooRzv6Dn/ck5+9nERp0AWMeLLHZK1mxI7ABdhErjcyy5oVXISJfLqAIDLhpIG5ZMJiCY
ScQuWqlKimoAbHcR5QJN1afuDs6oAIBS+uJTNyOITri3QLhVm6aoSHoqlidc8cQrkhWkNSem9z7v
Of966TEnnHYZsWzMIhaA93QFVimWDAK1KICZbGyFgnk1HXV8C6CqWqEE5XjYNmkiejvBzQQBI6pa
2VJatgAVDNC3fNNZ74RBmkWT1VDbjGVGFQQYNMzImBXogt0W337665IwDToKwvHaogELQtIE1GWW
+qJUKpUtWyUHypEVRcANCqB7D0gkmMoGzwBMRRNBR7ZaToUABM6lRC2QbKJcThso8ez3/Q0JEZGE
AprRDk3fCWSpCYBhe8qqADpd9OrowRfdwSxgMgCjas8WHRW7MoAiCkUQzSoDcgIC6CYCRSAkkC3H
L0zTXhAkoptB0WYl4FAxTWQAqrCUqKmEAgzOJgmrKk9Zju0kJ8K9NOFhywv+TwH0TrpCRUYZUHS7
ALblr97zDGmvXQIrZjkpV+SeYmbQFgy79WAR3gWSFoieymyoUFWUil0au11wF3AVFDC6FC46UJCD
1YQElLAnszKDSGBXhgsiGAFW2MFeCLIKHzzw5bMLRTaQVYrc6HtPVO+aNBHQHAHETkNadrWkPV7D
bKJj/NDgChlSMsJyjLXcyYRQVmfJTQqb1Qq2LMkpl1ZOyEwlOkvOJVIziAYomgnm5Fq2cQ6Vapdw
mZEyd48xbABRYJRQJgjEMdz5/Je8a+EsYN4qGeiJciBjWQ4xHCsFTt8R5DLKpEnASVS2GGeI3ZQw
UChAMFrJjKjFLqLT6Ci0qgALBjEBpQxVqQgEmKiiSts9aLOap45Zi2pd6sWc+r+vvjbp8b3a6kJR
VcKi/+Wpevr7DjLSbRuI9WZRkT2tAhLz1sq8eQm6VWFRQEFZ0QkBYqd6i8wIVYmBchmpKmGuWpEl
ouhxvIfak01UzWhp9Fk2snoXKTDVlxMLMDq7CVupSgmEHvRIQ8jeiUaDsFwJIPnjLzzn7Q/2eC4O
IC2QTpAEqiI0K7A5Rl6gdyTco0owUDOIYjkWcJWSVaDRIBoRRhmASyYtNM91+LcCkKnsWggIKpoa
jCqM5yNzbMChsS8R2YEt9laJsRUXZdOuaAemwLGrbnnXLYCmkpEAYCyCIC2LzAIw/icU1KFOh3J9
rGJMO6ALAJKQ0sQYaSFCpgWBG4BVbdKe/SZNFRK7R6PDyBKKENEbVPWoW+OYWhpHVn2RpGAEamcW
yjRhg61UcIPyrrmgOPFMIKvEkA2SudsVEASwGTTQqIlVhspIdNDsyYIgUJZZBAC7V9AoK4wqw4SL
7HXEEan+63spWtHs2EIcThti9TQMA+J84hcfuw9wgtPNN25tr4A0ADjnGSE0e9eJuSQpWzEDlYKr
BVyeLQvpoHPlmkoro7kglLOCFpKASBueoqbsnuFsVQJoMTgGkIISY5i0ZAs85yXnzv3w9uIZQSB7
BwrIezLIbopRrnbTnWeAm4/8099u+xyhfvjXbtvdtEUEDGxaF5cydKoEoJiFsidALFVlggzATAjd
YlDdWhQq6DTIQkht/arsKCc7G0VEVfRm0yizOiGBVxMoOQowje049fP32p7aancJJUDALIuqMWUQ
AtrRpc1abh3rJln1+D/7Pw++JO89FYDk4hGv/ZbrNsyxJ3F8PYCQVBmRAKvNobIZCRrAgMCJwlTj
P7Y0RqYqgipbRYDmAHTjIEdLmFAgTROAo8xLsPeOF03Y9RINp3GCATUBZUSVIWdiN7K2EP0ISMKt
vXr7d359sRUdKBCrfzr9/osaS9ZwGQbgnhDAygijpVBw49jV4US6ZgRRabg6WVKpnGrhGvANDEDO
MoUKhVg0QK08wfRssxru0t9v+WVzEccazrrVFxaLVY4ykKGGBJ1oNe14TAImoAedf93fnHvPciFT
Eub3fD1DiiRgESUUB4gFokoGQjBTcMw/n9GYJILgZjFEEVRBRaJ6N7oAx5iMSTQYrMxx9J+2hlJ2
jN1334++b/WAbblx39N+7lPHT/wNFk0QkwwBQgSr4cTO5uvP3+rRHFZVpeQqGEYE5sKr3vJeJApR
QIMhmCW9VLurUsJgMrsjAHiXD1aWaJRL1/7BwVV2JFSFlMsBNVerBMUiKRsJ2z4KFIDlEcisAk8e
9PlTm9e/OIgqfWnf5dODLuAKMBiu6kAWykycetaRZ97yh1uZLhhAaIzTICp7WK/97iVtVY0FS4Jk
9tIUCssFiG1sqa3pSgWQYQS35qd8UmQxUuyFiVHIbG0uFWbJQJKGJHAP0Grg6GtMm26FkoG6/cAG
EvTZX5nAwz41ugxEl0GYGTD1pdc94iPHfuQ+S+MetwklBzqjhMRAWUJSiagiaJoGM0xlpFVCtS6Y
A9Ikx5ZwdF/GLRd+42vvd4IAmLJMW70VUVSN86PChAn1VgUZiIJAmMGEBQd01tSTtj82IXTKqePn
QCdAiDBM1QVP+qj++C17ZN4OQcUsYUYVYFulShYCqSIakwWbQoIVkq3WGwQAgJIWewH7dqkLj//1
/8OYoCZQ4bFxwmLRUQYnRQFAb12QMDFdvCYnqJsoloiB/Nr6gSY9VbLGZBDrBw51rm772x/aXO+J
UKEG1iCEo3vUB3sp1MY2YQvKKC97lRxIAKzx4awZSLBIQAncdc8dFeCpqhoKBtXBKFUJSIEwEEk4
ShlABlTq80EYiQjaCIJCx6BRMysJEg4T3QGH0RXTuU/fSwKFJqfQnIAtJTaMNAwJ8IlAlVDpQhxP
wMh0IaoRnqSiJNgQgAKI07c9V2b1NOYBktItyimNXUpiOGE71a3KTIjR+CVTA9ZHH9yo6AIdU4xv
nUi6NxVYtgrw9m0odLEPsNuAIHttYpO5lEMFoHq5CW6glW2GbJcO13YrgFU2kAFCIqyBsS1CdIDR
AU62Omz2jMk2KpUtgJATrbdYcBZ7cgkkiTJXtJlZCRSMLIK0uwGC3Q5LTKVaf/etaRkEWwGDBEbt
9N2GclWpqrABJ02RRKDBIm+trUNnnyjAZRAZRbSCC+7FnHNsciyH4ECCgSSqbc5FJcodVZNhQuWe
UPBqlCrMIpUA3DrHmTLGJMKEIy2MnWewJ6Zhupqqxga4JlkMtzIzPP5VSlB3ZJQDqIYj59x28Jyd
L0RJyCiDppJtptCrqRwJWLYGJgEMmUiHPRUMWKpSEowsthJkBsOxENwDpHYaWMFmACXkerJpEsJC
yGAZjlB8w1EUWgJgeKAEklDUVIidkmpra0a1GOvaUiHv3r+4cfAixVKEiUTN4Q5uIMU+3jL7vMiy
bQx+qnngFVhODOAEqJWyqwkp9x2TDeH0RlFKNI5HOoUxB4hEIXcv2VEdR4sAVsj3ny5VhQbcWf+G
zCp0cbXZ0KZ2aRQSppwRqeqnbW588rbPtWyoMjoqSmSLDBR2XVlCOLfo1YEX7gmichdEwiuiIbEM
AhMQoc6ZkUI0IR3FNraTQkQZCPqyvxjIBbCnpDoyTux+5cbq7FOvjAovV1nFyhJYVCgIYU1Ye2HU
8Z1bPpS7jgp0LiujoNXtNy33HyyAdgDlPvZHFg2FCAioHXDfrT99PKG4L4GdIBusfeFV2nOBPSWG
EKhMddMtuoixPXcEelUt7uEy0JBCj3mliFp+8TFHrzjeD+yy2E13lUHaZQu9MgMZGOsIFaW2dXT/
icmlQrHrVKCpeXnwk3do/S1fPbu1IgooBzlHYcAq88Q99i7/4B2JL1x+0dzKgOlDRVt8+S3lGQW7
qnrrFGGsCnA4TRddptk++Gg2BJAEhWmBKuG6I2felYseaBKtVEAwKLO7gSyworsPROFiP+/YKUFU
JXXtLXcAPevAtO++KoOdyZeQVZUpCuxWFIWoNOvEd7/+/u9437eu8O9PesGJc7hb1Qg2h8ovOdgw
ITHw6uXvOckgEC6qDS6DDGBBFwsFWZAx+Nb97//cKefLzDISAQ2+u2hyTqAIN4XgZFfYKDXC5HT8
7uf+5G4KZu+H3FsIKmixERAjUNlAwEJjEmFuPfTz5//xf69jD/rab/7RVjxzFUAA6xGiQLAiHZXP
OgpeRTckoqp1FRgFMyd0MLqEBAIZSJY87bQMo0K95Z5jdCtVLaocY0oZ7AQBqACotDp4O1tl2D/w
7//5mr7A0IayJpQRfXATyDCYAdThW++rIoDotxx/wFde840/+JgXXo3ffcwHWysCzPNubJ1uNURZ
0PPWTEvQ3DFWhkWmDahKBGR0gNWdacjcETgkI/U4ZqiAUilxQqXIIgq0B7MEwb0dsjpYfNnp34q+
6MkSAEyZIopZhQIXQSFMTuf8xkeqOYq9Lo5f2//0n/rQed9y2V/u+39Lp2AjdlgNXMN+UMv9zwEg
MKmpBCTtMWIlLDtWZm8xkAMk2AugBdr4FhC0kc21CmzVTu54Aat1UUIVURXaUiuVhBe8+tU/vyjB
TkbGUMVdbFILV9IoCrr4sw9msiYLX77yip3f/uSlX3vOvsd+aYn3fG+3VHVrqMLRkECFbn/+6j42
JNA1Kwl6Z6LooIgEsnVXT7pYCqcbOlFgCrBFmS52mIi29bTlpBVjnO4FGrby6KXboFnQxmK1msfg
Ht09M7MAepVZ3XY55H70y5/4yw3YKKLlmy7+9Zuuvf2K9z3/6+9f0/w6ntugNqF+tjbqmCajQfc7
8OzvF8BrVKhWNaYaC0YUHJ0mkwQsV5RQMphiKSklx8QPmTWmcMt2OMoEDt4cQtmtkITabeceX+6e
XJgstC5TiWkFrEcRGqyS+oG7N3etMRddet3P/BJOu0sQAN3nMwB2p8Utf33iGcPToNv+18JXLWch
US1BOyrd4GKiOVUtHIrxRVhCM6smV4PoHkoAQQqgAJIoiBW9QvBtVO8OzU404U9edca/gxCLGh8f
K512R0PBdsAIqKHiwse+KHYRK0r4NH5l+ZJjbQs59zpx/VnY1YnL9u173b9ABpCr0/7hnX94Z4WS
qG7QBIIdiIqN1ojoWVBHG+QF3KHQSkQFQ5VBqQMgXEZjUbCw2whUgWBDgZAKdetXH/vm7YyCkIOP
MQMQjSRZqSSYMqS69ykb1zz6ExXpNFfPeFMdQDemli/7b5/+mn/e/1fvPsJLf3f3YsBTCK/9xOvP
6uBVjIzxNxSMQBfGKkKBNFNUEjBV6i3NqQ/4h4KXO0SgYLdCmRYdaY9PWag1yVZXtRdOQo0hOqrk
mrLCKEJKoAS3eZwkceTT73tOB2jZH7zsV37nJc9cAcDNp75w7+TntX1fPe/m9z4RJtyyn3jrj/fi
NasNIN0KjiqQa0JRCSoB020AzQ6ZGeUYCyESnF/731shKcBRxahioGv8AaCBSERGui/gAWYHLQEH
tpfK6BYs9KaEGUDSecbP/MrdJZagW3/z9z/xv5/fjUDdug+33Hvnx59z4q5/+dnFZrUZAZTr9LtU
R6qnWy+4bMXguKkMaIhfrUgCKThygqbi2Jxgt58kXEEgUaZziNMmXYwAyA5UFTm5llaBqCIAI7HA
bDgwOLMdmNGrgLjrn7B3GbQSdfbTdn7h+UBE1Ynv27Pnoorlg+7+1sf+xaJjtaZi4wh4jYHtzYxA
R+st15SFbY2Nl4TU0RvaPFWaA5Cizaz2H4zPEEIbkjYRmMfx2Gosy+itqyBbSMVQHcZyvvrlOZX6
UIMUXSVo54jvvqw004iOjZ5RKpSvv0gpfuzuV3/yXw/sPeJpaD1EiNcA6gLM1cIYgl/kGGiitDup
D6AJePAVueZaIomUAcYcWPMHXRq74JDpS47eCgUSwlpyH2u4yGJNG8c0EBzHLmyCpX23YcOGIYCD
ORGAI3uik6uHfPSO86u3cqz15ehSjRmS3jCZ1VdAAh00EhXoJDKMJvaqqKH5adgjAm7A0JPk6tbQ
kODxZhtchEuNUEvLZTtFOmmDzON0DnbKlGGRZh3eWALkcyuC8hQwEr32BEQsPuKze6GD6YJgl5QY
/4xYb59RDocMzbe8v5pZngHkXNZOKU2WcxBuEFTilEYaIdEXVA7bFMhyV1MUGrqN7e2wBMoJNkWj
0mBYQDrpIeQDDAKVJH55CSUKBSJKikwA2rOctNtbOQZj22QVI1QOJ1TmMLaxVx3y9KiF0p7AoXfC
WzdcdnfIjEoShUrA7ZVnfGZhyEaDbsS9tsHBRk1S9hxUdjzgrJf90kyWIYL9ODrSikKRRgTBRGff
gVRmBeVgogeiAAFCFS0oS1WLGFRPdaAwaUIaVjJcwxFjNkj3PIW4/sUJKjsEIQjjB998jkCvJiIN
N8M89poPfF8nis4Z7O2zZ9vF1hypKofRbc4fvOM1gN1kwIofKGcAUJo+aWkB2baQWRRbmyNVBeWQ
WLI87HmJyjKmIzLYxidUAgJgURUWIjPEhHAzH/jl3c8tA+aEpBtE4chqu5e0KLqRSIDY+ok/fOcu
g9AwLE53m2BCQ/mbCRKI+ZV/9dkfAdNItvnat4nPAJ0xwQbKKljh2r07IXTOqSQkVzioIiuoJBKW
UeynQVZVKCrRuhBJuoYuFhj6knLf86585uHPkxTUdffps6z5M7dc1io5EzJMUr1wbaFaR5FFtmor
gmYX2YdyRuDYKe89hsc/3nQDAD31rof87W3nHj21d1ZymUfuvGerlgZ1at3rKzsNADI6kwAG/Ukg
HSCQMtw6yFKVMrJ49c7mmvFKDjUGnSzG6tznvOetOxshFKMe+ZJHbZkgNHyzVaBlMMe5ItWdv/fm
D9bg6cYgWAJgEoX2CLzq6zzsTpGWce/fP3vfvzz6oZ8mWdWqFlmRYYzjPLOmqRMAQh2qvlGdgQTc
kmvJczw7N6BK2HCRgOEyIVS2Xt073/upZz/8C8f+Voaq+x+/eTm4q3IMlmD9qEMqoiHr7luf8IEi
hmzYZYYH6w5h+xuu/odhdEJ00qz3LKcfef4FZ7ykWIxqLRFSBcSiK2IMkyhUyZgv62joeyOoollD
zmQMrTRLDTWpO5JFGJEwkq0dvdef/aY/8sCH/dPgAdD21ErzhKFwo3WqkqADOaU7Ax/+168ecSRB
tGygIKQhl7S5iVesJ+XOaqXc9zt/+s6btn764h9fSagk0BdQAULrEJZ3nc6EBKHQz/vr+yKjjkBC
ghD6ooaRqBWULXnVkBvX2GaaAUQJecfZT3zrz9//RVf88mltGOMil7uEY5ZVMlUoYMgi2VzEDe9/
ClZrNbq3oaMAU7flaScAWOVQRhqLu876xLd/uqZOsISckjAqzCFSqTfNyyRQ5PylS9OtM5BRUAmJ
watjHBoOXiOgC6YKSiIDylqucM4N3/Gm1d5YndJpFelpO4gxpaUHo7iej4kSbDhsT2UKQAKIjD6U
cQNEsnXZDUjfzZsWl7R5GsMZS9WqWpcjTSB2V5tj4ANU/rdL20mdXsNYiaHgA0oEEgJ6EbK7KgFT
KJwyn3PLfV7x8F8+9O4922DU1gJiLTEkKWdQUoxZnwqYEqWQGSmisooFd5ZPSoiEid5gZiZw4IPb
F93cIokQQtLaJMMKhp3akkpEGeUz778A3DvcDadlpDWYmrKrCrwaLNAtgUCX3ZLo5x4742lfvHbr
UR/ahwJjaNzdikRgtVE5ZKEaj2lQ8iy0jAx0mVCaNDOUyDZGL5TWkF1w7SymkuetGdPMNk8zhjSo
ZJHDXQOTQNue1ke6K+yBIUptJwYVOgQ5SCIEVF+1JBESb37+Uw884NTzXv9huLWALbmoSrJwAOVh
ZshS5n8sJBGsQMmTcthhEJlAgIXGoT04DO1mTJs/2QjOq0ELYQWXVVCGGoxAICyXhECL5nmGF7Zs
JtDqwpdMVZ2qnBNjXlud++fXxtSU0Y1Wu8s3v/49l77s6PNufADYkaWojmI4DM9dJjWZqSGGFhDT
2qdRqcIqhZIT5WF+8JRAwATRUVoGEn/1o9Zd20QUkWDQrKYc8yLXB7uUvYjKzs1wlBhsRqkfaYd/
2o1VDBS1jICn//VdL22ZsMVcec+tr/7+Kw/e8VuXfN/pZRXlDgHOS48S4Ik+xJARJUEH2xBckVlC
lsdh0mxFNRAMKKvsiKkfL6aq5nr7P7bjBx8SHgQXYToLIMyqivG3SDGyHcBcDa5WVbCSB//uuicP
/1zfidJ2FoNP7rkNUkFE5eKt3/ynv/kN29/7hYMv11we/GlT+LotA80roDhHYkOyMKOAFILWBOb+
zmhUdNE1BqmOBgLqh19877NfAad2pvawp5z45us/C3pkAnpDTAO5mhBaZkdVFQszQaB1kGkBtr17
4TseygJBb3m9W5RE8CTFvXjuj73xyZ/4/J4r3vj1f6mFzDTgqiICrsSCgFGI3dkhTjCK5YHHK44u
iB45U7BimNp60lXF+NZP3eenQsQWsHrRDz7+yClYWAiFCWSpR9t44CvN1dF9H3rqxliucAg0khYJ
m8NLkEEEwixYKxjRJGP4UebE/NLVR19256Sd77/Pk8punGKkAAIFaggKsDCP2V8RRSXhCBULqBQ4
JTRiSzBhkzIWT37ujVd3FMBavNIf2f/lvFFwlRoL0Tty65OP/NsHYufBOw/+zR2gPAyXHhtYoVzs
wwcwZB6A00Res3bAwxYcHVJB7/kmbUfGaoEEImmOA8YgytT6IMxQl8o0MsDWjUgQxmlHck0qAbRB
TLMtzt/0OEwv5E1nE0It/vQ/XfRlINvgDVQq+MOX/8LOdMbjLlhsIWmrGG2XtpQVUBlgtZonqMZg
SqHz6qiipay13dzkvFxxGvMlhn9lkDylaUVQu5PBWm9ZjoRbJUK9Fcbw3MoVHr+s6OgswQT7AsdP
6TVSK469L338W15SAqCuW3YuMBFHXv7mv7r3I7/52kd82IBVa/8HVVs7XSYctVoUYzwk0NkMEW6s
3VqdFjJIKDz1VwxCAgUK27AByeGZsHszYHkuyPujInfhKdzRndnlu5RFykGHwXQKMc4LrXJzNmlA
oo8+97IXDSYJxFkXopl54U3v++EfvvI7Dn2LirRppxN25U5RNFA1Cazh+6PZQMgVCS3P+vbrNBdg
oKjdm7+3g9JIQv24EfKghEiBIMJJKZJHsqrtObZKRYM4sfnzvzaDYp2E0CKL2B7LuqFMAjE89RUT
FZmsgB2dGbf9xj3fdumnNn5z8en7yzJoNgzDT0WOwAK7ZIIUfY+bAZgvFgI5XfXCh99xgxsSUzc2
P3bPfSXVIBuP7ZUBO04CbLSZLS0BGWmLi+N7esGI0sz25XNB09Fl1NSNqbecGwi33WZVGwJYLWpm
m4e7uGEWlXt2sIrlR/7zw7/wz6/5qQd/rKYCBj038GvNG15PwUak6aNx4iwUXxiEycUL3/VPyKkD
ROQSJxpsDcjVl2W3MtbxhQJsRm8ooQwPG3Yk0eXYuPlUep0jWRvDh0HEA4qZlvsF77lfx0l3lJU6
6TIdfPrvfe8f3/TcfejQOCxhmtXQ9ZwfeojGL0ElS5qXVQCvBpDNHDZLm1EZmpcdOLR3UZp1cn4D
EBjWEbNah5TDscUoB5LVgBoIFEbMUxccGelWZrWMWXBDFdrn77uSo4aHCGidCJQyCiWb/sUXf+hB
4UiWCkRgvIXdvegANE/lqGpJZXRAQECg2RyQhYZATrOsMwLoE4tRjEDQWQnACSmbnCMhSZRZSbPQ
HU4QFSx1GZhRrOseNrt1dNnKunllXDzcQQkD+RMqGihVFESDXDxzdZnGtlQiXb0qC9hYrSxXamid
ySp2oWmkdE13AknHrgcihU7E2uaVAjoStIiCA0OKBRIMk0WsudHhnLSVqGgjVOvauPUOVg7r385h
nLlQnwDopFv8d2wgRhrEFcHQar+WYWQtIbAZqokNtlr0kywzAsZjQLHkUAC0pVIgOlhVHc29ZYA5
G2FACESbC4FlUmOVAaURc6kSzXKLAAPhkAqsaB30ztfcGMFyC/rbXjQDwdYxkg4qgAE09AKAcCV6
Z46sHU8sCtp+2ceFcgHR0AHQrTOsCD8WmFn0737FYFuh9SF8ElBfFMpTlWrr3Q+nanzNXaUMw9yO
Bbw2bhIqzVPS42OwMNxa1TpPqpwGUYRwy2tff9dd20tVq8oJWFsSzbZStcH64z80sj6OPbebpzM6
2gP//qAjqU6uD2qbq00kQh95ENCrAyvRRKHkVBWA7aOuy48/nC7ARmSzEDDkvZEQaYpQFSrKRlFp
uEbm0cg59q63CcKcSNdh/NB/vWtJK7OWNihnAIGZagWgxkG8DkWgyHrxos48I9FWJ24AQCTmIhBO
uGFZKwf0MQp3NcELQKDQCuECvGx7fP6nQFkAyNVwrlYrtwzZsFFgEpVDwgCqECpQKLRa5FHYNhIo
JEhe8rm3n3KgoWBFesgxwpxVzgTHekURwwIfgPkdu6kkEDfeR95uBrNtWSsKyvAcqiQ2n5+DhTnJ
3rVqmOn5tn7hs36ttLYDjihjZHRrubJBKiMRSWytOsYRkBOqyBE55NYxwtawEg4GRmjoVQRRJ77r
79cLDxo/elQ1JE8uHxh0pKWkQbP+Q8s4GV1AJHtLgj+/TVVOSERGl0uWV0vl8UNnHfr81xW9u4hh
kSzR9LIPZmR3CyMeFOqXfrG3XlwnH1zNpXFQ0vTRfUbkcpWKqnb9I27JABKZd58RwyRmtC4Nb/Yw
IiCQXnQVlFgnM8aZRSPmqQy3jDJTlQtAO6hEzAl2VjNEma0Sy8uOnvroBzLv/LepxJ6EDDSsBtWB
jSxDgJT4dB8UJKIlIMFTcoC1AD+ocvE4ppiTdeHHKlCA2+a5UYNtoY7fdZ/nSaCBHhSBCs4GKseO
ToQTkJMspQHmcFoF74IgF9w0OdDgjDA6HA3cPHzacudjb+R/uxxcbThkUFhBRpi5Lj0wnGyTR5gm
e4nDgy7LyXK3Hp/yoOUU9HymUUqwsiOqU/aRh7RTPnnw3BKC2UA0FjICQBu+6kL04QZaWiKDpEF0
IHnWCFIQvVKpckSVvCgbgRkbu9r53gdfuwFqNaE2ijlkxQyhnB6aBltHGGbBHFkCiERv0/FbUgGC
YuRqRbgQinSRBhIgm8GdZ77ik6fWU8/KQ7uaqlBdQlRnGjmLOXdVcwpyR/VSlkb6eLjdUxrsIcWs
GBJKJ1Fp55XTS76Mj3z/gY7edKk+LwAtnImeLBcEwPZqiFowFFQJtkG2LD19q+f5V88Z/uofH5fo
cbpXcw1bGJiw7/G0p7z00KHPfPTTl9dGE5CtAyk2Apzy0DbPVBZcLNoWbjaLVmWzbc+EYFLllFu5
Y4YpEmDb+hu88spF+7s/xPmvXNVn8p5RtGFOAVgKavYY58yo8gC2E4XaMzi7PS8rHv2L//U6ZNz6
dectulDhBLUKCsnlQDdZR/Zd9j3P3br++Cd//mDv8tQJj3RqCuCHto7ME2IY8GXVPYVUiRDImNhK
wWEeK6RBxmDTi8q+nfX6T592yZkH9EpVhrIBox+hBauQOfhLoBEQlSpUVudiZ6BjPHCXH3vGGZ9+
Xr/5WW9oGIUoRA39to3NyODG4lef8jcvPut73ur3PfAhLQdF2wFYRsaBb16tKp0zVTRatV4ITN3s
hGvmrFaGqrOhL7SiQxkFWBnzRDzi8Bmf/ev9Px1pwkoIjuzMkFKmGVC2gtc+HKCVubGDYYNICF/3
hLec8hKd+cu/dfEd58ENpZKrFWHNYD3kU9reXfzs3y/Pf9xy59cv7X/51Sev7QzlhAVklNtIPaX6
Rk/CLQEIHllFVinBhJE9ahaiwx3oKhx+98aqzlr83gN+9odQu/sxS1hn48lEoRtGrfMVSUS3oMQC
23ZB1VkBL17+/l9aLi/GE9+7NyuyI90+/9UcpneKn6jFntTy2/75fv/pj4499oHnPu4x85ho4BjG
lXHYg5lpR4ctdKrSg9phWNA6lsaB8qAS7UUYp773NfP+u/Cwd513ub088TJGge6sGDx8SlCMPF4F
w9XYAdQ8wk4zaCeh1d4Z/XOP/8w33PlkzGwG+iWrQANAlzu+8M5Xbv/PV/7wr/7Zmw78p9fs/I/X
zgvIGEgfcrHG5MaYiJBb5fCFDshqdwu8akwRZskDyElpEmcduG4D53zk0087881b4tYOCkC1pIB5
6qQSTAWAOYagPyNmKjVGmhq9NkBfFHa/7WcesHnlp8akDqgPz1Z0GF++7D5/+iCsPvboT33NjV95
Pf7wB68OjsaiOZQxY0LGKJapEesxjDEp52C62CRCgoYrs5tmFRBZf/B23HTHB+Jxb/+6+wY3Dudc
slVVVXN0MitYEyp7hY3eayYrRhqYwjA9uYwfTPs7/+5Ju/M5O+kqA1VyN7MSAi/66p/c72v29bed
/+pnvvQ+H3zRv32MDRFA1mQASw19qUrzkMlgEEmrNEFdmNR5jQlVqdDWg34kYvvsZ3/4dzdbJ+74
tkvfulqoo7eE1fowKkOAzXUfRiKS1RJDMQZjFo1SkcTqiu/49S9+w8Mv+pvXPAInkyasNocrVIZl
34BTbv/iRz5y2gc/ob04MV58rWmrkapDm8ko5bAtmqbUB+4BoKIENItzJBowMPqz3vln9308Ni7Y
c/a73rqx9/pFrQRa3oUYBchVVDQByE5UbPz3dLShso1aIZLBsqfrXn7lv7zoPm947ZUfx2gVkE2E
MbnSJKCLnr+7czj/QX/6DaotaahHVcJac4Q4x9j+iaoSBdeu1wcGSk3o5QxDyTkBG0D+xGPrcz93
hvfLu1c998Q5xxxD/wwkcx3qtypzHJ+xr/78X+7u6JGtAxOG6f5oMgCs7vjJ+37LNT9y39v3IgC6
owEdGJLtACx/dOyB333Dc/9+z0d14nYIruwQapQGMWBMaEMYczQVquiJcBazqnjtjFgbcRu6VCmq
Vt7MzZ3De7C7bNh/CI5CihpEmcpuyVZzCFVo6bb6wGN/6E+OLgu1sTvAA4qbi/3XAzp+9rcevMcP
nLsZY5cABKw0/jDDhZbaPPo9D7x2b9252TKS0Bwwe7Mb0ow5jFykCYBtVwDHnHrSlc+rWmnNRSlD
fazfoWeWPnHBXvjuAwN1S5WCW9m0UMNpjxiQq679ydM9XCBrct/w15/z5lL+3T//6DPfsGeLShSx
c8aJNhNzWOwijp33pf0AjVzsoDaUUdUKHuq/QzX8r2v/kLpq+Ke5ds6oVBLL82obFtGBLleANXIl
6PcLAgeCxjrMPArTmptbM6sFkKPcwdeejnAFthexneLCgJ56veHl+X+0/Zybf+nWBhrCvpUqyhNV
aI246V3LgeqZW7tbla7h7babUVE900YkFOOs80hDTGavYjQpm8QC9y4qAIvZCg2Fiiw9fLcUj0nT
iUApCqAkwL0X51TVPKoTTIszjGBia1UUMDPCP/HRaHjxd/zTdZdftBtHUJRYvbKTVVS1ctz3wVsw
3TCh70kaRlSVGRV2aR2EtBIxdLXAiqWCbVTNXeolNaMvWABVmEFsgepoeB9VLjW08SDmhKVspNXc
iJoGdjIbpvJUh4/uEEJpiyNIDVdlXP2OB3704BnPOm1vNRJODNOhDOwky1FWYUbRDDYR3Qaq5/Bf
ySilRuZsyPobqkwyeOCrbXjUlR2tFww5GTB0JEucMjebgXdVxQrOJoTE3r1TbmbMCRRaTMtALy8U
ufjs960qMlipyllVEObV3s9+cuOa/Ye221ptgoE0PWHXq53dimoazJzB3FlVBTUhdwfHVfPa9glE
caTJVBBtA189u1rBCkEEYaqD7gzMnITsrCzQnqsa6LLEBEURne6hkCtv/9Lbn7wqcKXu+dFv2ySY
ADIVpQjMrzx0/kc/jvn44hLn2uIcVKhQfPWerVd9/Mby4KARBDDJ5xe4Ylt6c3dSaIKJxm5DcFYK
2csQLLeqQgkYMB/NRZc4JCxlwAoTOq09AuPbSygEAw6VmEvs+uiXrvjkU3/ihDbQO8SVg7UWASDL
2L7HYx66cd3L7thQdHDsPARmAyxc9axL3vfxKbnuPsqMshg3pnMxz7jx2NFVrdxAs2L0FhFimUym
qiWmhSDVXBKiSgqEmkgUIrJsRE7edbYPbh/dotY5ORCubtreronn/dHTrzzrc/0Fhxdbq4e09AQX
JKxzXPhO/9dH3fCG71kUGTJ6b26sGQq1cq1+8SFvfdR5AgNAgEMHP2MFstUFizMXBxiNY0osOlG9
kPYshlksRDOE9CSlU6gqFDqq0s5iNKKjx1bAXO7bocZ7JxQGE0FMFr4aX/6jLz72f35gz80P+8AT
z5kiDVV2GIIK+KPpVY1vuGyH5bJ0vIEdEpFIobHecvyvZsNJCevMtG5rhHbjs7vtZLq22GAT5WJE
ILKKguRMom9ZvQQarVJZaGWOrK1rQONMJFGlco5WkJz37qJ5bR286DHnnHjGTzz9gtpz17v//Mfy
2JDf6bGTAPs2s/TSibGICvQ9vbgAyuWkmFGv9jNQhTB6HxDJHtOtpmky2B3Zq7oIBuJlL30CwOLa
FEBQ7cWvvgway6DTFUD2iXC10a1VWrM7orPgBohBHr8rzHSkrr/hKz/2I/XC3/rj39j3yG//oR/+
qdpKEu6bHJMMYlRddCaqdWCB8i5EilFlZ/3SD76ad31wmeufqjrXQ4G1TMAS/8fcKBVQwOptr5h2
Us1SAzJtfPERD3ncvYYr2gaHj75VkhvddrfpguTFJAOCU8NK/vmNmbB95Njnb//zjz351m96Cz6z
75Jf+fiL9rPKNtu2VOV0zMgWLgMJLdR6E5fD67qCIC7e8ejn18FHrgJIpsVmEUYnnZVWr8Te7CVg
p5Xbr17yWz/v7lpVSgCbzv/nJ5zxEFbxGlQrjQjo8L2MmMG6348qLVado4gjauOWn3gTVcqY7z54
06GL9hT+/mt/4VWfffCXN5upOda+oRyWQUSCraunF1AZtqK3Q//299cWSiqtFqUyHe9/wFZRRgk0
7bv2t3f+52MzF7fVGSWUqlrpZfms/Q4AZQ4r584r3/Sdr5yK11RDIQVEZRToNkiI4TRrmAe1zCHV
3PmuB16wOeY1FPY9+0cvuBZvfez+a+88c2f0EtZyJsx15h5RmqMaujAi+4CVd+196p/3alnDpI8h
ipqjfKQaavH7z/3Yabe/7hePCtx/1qcDo/gsoHaCI8mPYfCfP37mQQXkVr16mKOUsEVDECnY/Rqo
ryaEIAsskfuvPOuxmonjV88ddffz/u2hv/Lkz/zID+zksUZKAXUahV5RCmBGTXLvLDNa1ajIOPMd
l1YJnOw1P9KlwlobRWbtfNst5033yto8zjNu/jQSiW4A+va3nogayc82IgxXnBOyeM2ayqfKwLTS
eoRGcao+CDUaZp19W8mR531xe3rkk66xbB3a2Pq5+vDb9+iw9qh2F4NQGAI7pprDZqwrnGbZHNpB
JNYhoNFSvF6C6vJw4tCBNPx1H1rlF3/1mZedc+wEJGRAZ1z8qm9YCdVGz0gJyZKSV9eUNSW392SM
wBBhVgwE7sgRIibyxoOLqQM7W2jHzr1VRtMV17VbPvNT83u6prUxpFpiuXVk8AtR6xoat+GR4NBg
aFhFqxoSQ9NR1tSJmsbq0xwbt57i1S+89kcv/7vXTXSgaKE/w69d1EBPFUUzUGsQNJNFbwDrUryg
YtKiIgT0UCMibN57j4oi961qcddpoyP50K3x3He895NzGMBJyw8urewFRDe2xn7fayhvycEohEpU
tV4gekO5YkrAU1cUpOL8/FNatE986f9c9o3XnZZIkC21+2O/sciCDXCSQq4SiA2hhVkCE0inWAVn
ZtdcZbBHZ2bHpBVo7p2ffqQl+12n7zTgD3bkt0++Yi8AqPVEQ6vt95pNQzQ6BozEpBExxH9gHE6F
Nrp4WkcLZIJEsfpkoBZ77vXJxObLT9l7/6/e96Y2mlam0qUbM1TRnK6BMtDLreTRkRx2tQUFN4Cg
jTAKsSh6EWLPQjkPvfCPLaLpyL2OVt57L6UAUsnsKy+rMqGJAoqFKiIqAKpYs0lmOVyVYaiKDQBa
1Ij0lYpgqqCn3fGFe31x6/hr3vIHr//VzX2YIwB3LU+Zp7BUdLjs0T4YvSs0JgRLmJMn+2IacrV6
CgfZ0bskcYZ27n7VihC6dEuJnF3SuRsjrLgWzB1w9RqxUKC3NMpTYQojIKakSBGeqgJRc+8mQKtG
8EVfvPYtf/mTZ5xzrOVH7/fLt71BNaZBQYslQPTCqAGGq4IwZDjr8DlN5T6FgF10GGXOz37by9gN
WqwZoPSIOH0tNOHo4Q01OITdL27TqeYmPvscOHrh7ts/eCjdUESrEdeVq8NJV8juAaZH55Nuv1MR
csmtenCOm87CHzzs4uPL/Oxzn/NDd5z7cEwBpKgEetWwwSlVDeTwLckkq71/1yJS2WtCg06UsOd/
P/sy8OzDRtEqKuptu5iaptldfmKMDJCn5TBeENNVm//1qwmJv/VdV95dUQCyo6IQhYCDrMbqQcEO
BdR74uAZzt5JM9mqMc969T886g++cHpN97vXKa9/4b9d2GuUv+ZkMM2Bn6LPdzsCIBBawMV9F040
FAAboqBThJqf5O/23W87PUb6QKhH3HSajt6Rx6cb88jWny8SxskqPE1g157Fy884f0fA9/3gsy+Y
WkI1jSQksio1WwTM4dTKlnYjSgiqgaNMq1rgA4975a+fsbcMP3HrOaeP1iX1HrtOTgFlgEbbPJXo
vVCY1Qt8dK79BhWoLKB32Vfd9fVv9JHf34WYhpH+x8vzYbXn6BIXLvfhQAdQw3tqaUfJ1Qt3H/8L
r2vpuuRe12r+k6v39uoslFwggmJWNwNwVo9iQ3dYHKVyCCqFhvb7zzvlan9iYeAvlztgF4poraZF
AJU9M21nFrrUXCUZhfd6FJzLhSIsKlGb/+fKl/vc3xSMaGD/MWw9OD64Z/EIIisToEeKG6Q6M2D8
0lOe/0TC6lcmXv7Mm36uNQKoNDVOEIgtqxlqLTvKYo+CYYdRWUxs53ysfdMv4wAUiFiAg5etBBbX
XHGDyYaJE0Dg6OH/AbZGQQo2GzGaudtIlwHTs5bPewxbix5KxPbu6752Xny0Id5X25hI9au/tH+J
KiSVDiNc/fu3TFNtpl/wsduuKqCoRjGH0waBkpNE71xXVpUgoxXhAAIT+zkbX//0M2TnciRuhmU+
nCeuufQNQRThYoG33+uuX03MBV6bNIDIYusYKaWR+MHNeeEc0IrM6TC274E9Xzl892NuPXUmlIjr
n/CRnWlfFYRarEAWICMqp4Iy2pGt/3Dmxrp/rGtMrJECNWtUt8GR60oAlFJUbdz+/37rL8rUurYK
o+u7/Aq/YmXY07DE7nzTV57wmkXbDV7NIpjk9GK8VL2wmAmVOrn2gkcV4+ieG8//3PnvOO8ee0/r
dOsy+rM/dOTDewFT63wRzAJNt4x1oXjM0+gcq4Aj6dFmkCe7AsHRpkesI/qIcuT9j93Sc8xRI1yI
wYuPQoIasMWq4su99xm33Hz/00UDzqnlZT/4oWuPtC3PV6XLUCTWX6HkOk0Xf6aOnvX4R52WLdhZ
oB5y5R37qkbb2ah7LjcFsciAJDQhlQWJwDAYV2eW4XLUaNIegipcUy6mgOGAP/fZOso2hNuIgB1R
sMFJcgM5xaTCQs/96q/93//8y68Rrx4yFfyks/7wkn/vdC610v8P80anJTXTevH00p2N0cZoObZP
W82R04qRdMyjdU5AmqxWgrpBrSFRsqCc0oJLLKhAIqOaZjqSKJrDY5vL3dUGVcUxKTd0mW1FqxVG
S48JRC6vu+1NL813P5HXDleh6v3/8N94zw6V3ToHQsG6dJ5KIHJ5eCPu2lciCDi6HDlqHYZQphqF
wtEb8B9rf3iNefCOL9wLpa6MQtudPMBzZ/ShlwM+9e7RG4naOoHRPJdTGR7/UQBpvmDzD64jxoMB
Fvu+esd/+fYfvievBsxRAZGLeaoi15UG5ngvw4/mKKWJG++5xr2pYUItKWO1jm0N69oIQ8cwk41P
vWLrOAyyGKU6cOtUQKuiSVc4xocPCuVRkxSdNKhVG9nElnQpVvv3P+L3zjzGkYuo3rfuPnVjN4Th
Xc8CI5VohOBgU0Ckq2wRikIGwfPkNiibyNHZVD0ymFms0Qi5UBv6gwiQYBmBm+txC4UagPShTZMs
k43gZGYECAf6rqPIKJZcDGWYCJEj6dfxJO1yRaAQaS42dRq2OQtJoxwujJcpS+ysXHkGmBXrWpaB
yxraynCLWLdSky0dNUr6Wze0EsxCh0GMYmdbG/7d7VEC6uD+YxwXGLQZSFB0AseZ2iDTgRyrQsiI
MBJVqKwIxv1/7KEbFSRQSyNREEq8ep0PZMY6iFkNWvSehBKEl7vrKotc928M0KnekG5d6uuM7Fgn
TKINpx59sj3UAtAtBdIvvUqr46c0N81jXy2d/MxHexJZJArnHlr9h+lo1CmuK016taRmnTyhqqVI
gxMgCq0CcKteJ7YBIYMyVog0EBUoKJASZUFV0UqGwlZOatSgtVoBNej71qgAadhx2p6dh1z38H7V
kd0TO7pDNXN8ic0kKaTdZCmEKEvvP2O3AGQwAgSipbjbV1UChCXHfUCLpuGQdRWjWjJjYGulRmy3
0NddE4xytgVGg4M05qMsydmOByp6ZakQMUW3I4JRHegG6CBAH67ND9/nXzbue/rRQ0+94QFtVDgn
CQK1ju6hWYXSgsAFnx9CRinLCFVFaloOa09lN9Jd7DVWYonl7hEfpBjWyJgqx4sSUa0rkN0soyo7
PHzlmS2/+Au7HJ3fgNb4Nt1dtcgSE16nx5fdWqEOHr/Hx3/v3OtmRqc4rbsqEKMWKpGovZf/iQAu
kU1mDc0NKTNdrYxwsWKCNdcC5oilWkEzQNFGBQQUk4SgStnoQkdg2MIBZEwAslh9+/L/uyeB9GhL
TJjuGI0uSDuG9YOJVSca6rcvuOJxp58xBfrEBFDqTUaKGMWY8uqXvnYXpTJ7uQQP8m9089R6im69
qMZWlxiUHW2wo2ImBKOqBIqG0gC6TVXJw27Rm0j2GQXToWx/oYkm47zoCIImRy9XR4AZgT5feOHP
Zy9kJy7/8vu2jl9+31su2794x9IJV+sOw9DJQGQ9/qJpPDGwNYBVNVpzybRNoOZkWrPvc+KzSAjM
NGUzVy97+YcKI8gnz0Mm66YwRv9WBQAsDIFc33q32X3qnaed6KYLNxYXY8qLjNZjzACcU7Of8EM/
s7EIxwvmjU/XN++/6B/esOff7959Fch0haOLRKpXDj1xJakUEirbqIglo7oBRDNqXUFMXj8FCF5T
8rrYXLvfNL1TBc38j7sYoorMYc9aN1ZNc2R0oNXJpuUCGInRK2u3O/ev+5RRSAcBM8mojPmL9znl
r77+R/7qKLdPu+lgbU+pWJscDALMqTNmQqi2vt+nGAV1R1ks4PpLuilUBcauOwgbmTGiWHjlI5/m
spLD8Voo57hrqcG1bnnFCp1YuFKpEWiU6ILJGv6DFQxalQWrjYyMVPDk5X22/+RBV/7Gz5y9db8j
B/TRUzY2aYzGykaYVkeUGozBW8tJZtVIRNsEL+oKlhiO1oDCQsbYkyBD0V/0oB6i2ExDZEgMrStz
al0AWIzmO+vw+VOnoAQABRUUCwbi8Bmg7M5hlxuzWXjE6WvzB879vb/A/n1fmQ5c+sB9/XizwoLV
Y1QEKBXZ4EYUFoDQy4ix7Q/Uk71aRqlXWsUXfw5Ujjv9sqoUT/7hweuzxOot4SrS2+oEWRNR2oPq
Pq0OfHnud9Zoa3lYT1RGoSUauycUSFIj4R7FWH3qdCFnAHH4yH2+683vfPrDpq/58G07+OFtJCQq
kV7ILGQWOt0B/ZdXtChqWi93O0E0RIzVLZG1rJ87bzQLqPWRpSLMREdBsFqOawNQi6I7YnT8rMY1
LwouTi/shjB/9I4kpoEw1mFfmDZDawIAH7j0SEsv6SkZdy+3Tv9Pn8Bf7cu9//rvIHZqxujVGo0g
wyJJRH3wV7cxlbpKVeyGCtFr/Z27ylWFrWVCgezF8dbX5YBApYUiXVIDKKLBDBHONALqLQWjXdqB
5/7mcbvDuW6yqXW5g1BAicL82Fvr2MxROMDN6cTer7ni4mv2Puisx1938xHeoGlUjiLlMVtZIKr9
49unRCuCjOF4UiVUZfT/fsAklyqxIngV7amMcXPSOqZRLc1hVQSmmw5iAOzoLcetQanl7jSD8KHV
QXzLG++8ZDnDaENvg8d9ciPoTNCYFjtjhmYxkvm5i+rCR99w0+fO+cD9zr9Ju9HbaIB1S2pt6UAJ
KQDrwg2ozCHyq5K3ffSbFuN+ABuUMMweaPAo6a5EG8QboqJ85FVVgWgoqFhpASvXNYfDLp5+T8bF
v/im2h24FcZMQ4Kx6maoucRYHQOEzkCLHuIleuZ1b/jAP959570v7z9+gklwVK/laHxA2pAchIM9
aC2GXaUxrBnBg9+8CSpGiez4BoqgskrNoNlrLtsjaBjceJmQ6D0mpCA/+ZCw0T708gtu36GcvXDO
q14cwQqx5sBi6BwDW/VaaZqFVl1VrFLPVnj8iXrrlavTz9xeXfrbB3/xqRnEKS0ZJUQrEA56dI2i
bju7FZo60QxAGUUVsATQFa2oVhwy8ahlR63TsyPVFCg4Cn2RqKg2Lv976c8/8DOHHvLRSz+26e09
bnMguVoYGovIbQiEtNQ13JeguehdUCK6pxLKq9NvObY88/ydv7sCX7jnotTHRq1SoRrG9C1TO5ff
dghrfsuxphN2Jzg6YzRMjs6nneY+Q2p5kjHi4MVquAhzL4hrX/vfcPuHg5pe/MInbB14Yz/r7Du0
BfQwoi3GjUnjKqr1MA6n3M8RACawWxq2+6buFeDTL71w33+pj3/kntf9WxPcIZBc9Cqk5sGUyUa2
T9+dSpFgYW42LEQiZrLbXcaYOLeGF6gqspgRI69EYLX7PKD879/Y4af99XfprCcV3PXCnzz/v7z1
hrNfewoYrRWlaqN7HwYWo9SwODonvwxnWMi1BMfhDoB8+z/efvTPHnPowOKyN97rKL40WjTQhkeQ
gbUtflBYvbK0MbcwyK6SZEw0ES1pMmQJZ/3ytwzpWuFWlaUsCBs7T7OB+/4hxZ98yF98ee8Db1c4
2zlXnnvR2b/31I0AqmvUmniwUo4qjJ3ZVhvZ8BkRAZUQhs1Q6NjmeXu/HI967NcdMu5+31cPXFLp
ZvpwGabYzUKobVisjkUQOJJrF4KxqqjsgqVR2NV5LTae9oYvPLSuwyCOUFBnzBxdviNtavZbL6rP
3HHxPWhUXPfUP//tt3wkBtoe7ZmQh25kgmscRY0OjlalnDoaMjJWH3hXfOgtYU93nfqRrzl2sN3+
df96xpEjap0cRRqFtVU5cjwZVm3ucnh4XcLJGrXeSn1wtY3XaK5v/dDip1+0AFCFoY4PS+qoKxqm
kjFkjsC7p8J2NIOOWR7HqeAKVXHUGQ+DhQmwRl8dBtHGft+zvuVn9+gplz3v9HZr4UhsTN4+cWZ3
wKWRqf/uN07rWpAcUxRYIIVyirFqhcFEjNRuKaWK9o3VfryhqtTaYvT5VdpmgeVMgQWzCVoeMMCu
WiwcNqFqRA4UN+nkfTyqsdwE0xrXdA4TEqNvfcvrG/VHL8ANt1mTrp/utcUz+/ZUAKmiqD8DRgFH
hVcMMCQZWcUgoWRDk9lB22oQXyxQ/3bw9NFJgqmr4Ohte4FRE+XxMlRCefqLt/22xpMy19MAKKRb
ZQz2FCPoMXQGEBRmyl7UiLZqN8dDoGO1KBOHT984yswQ6Gm12JVbqXrUKCIvR8aoOAsAGRkZSDpK
lVNnqEN0tLzf6b3QXY7ZA72csXkyNM2yIaWrHPVdv7EEjSnRYn3xCVHrS4zJUWYx4p5VTWgwepJ4
0GIePbRVbS8nDYaN2ysCZ+rm2VNfMlSz+kQtVitsTGRH5mxUiNVoZOUcQEZPIlIvwOaFzX1HUEN2
QM0SqoEUS7k4dMOo6xxomAJDYGJedjjRQWyPu9Zc40pDSx7t4jCcL/nYd31lYRaJlgcn//nxXgAR
RBRz3cKtRZNre2fzkehbK1RN0Wq/8U8bRM1GKwwaYR71cTSmy/cyqrE81/Ffai/SxxuZUipAp6JM
IReqquJq90wl5nXr2rg1b6RxATIEI5fgsJMDgtY39q4teYo3Pu5ZP3AcREZVu+Uzca/N1njKmqEd
RGKMextC2P7HT6Us2ZVHfSj8xwt6xjQ8HdWAAA1t2HHTu69XFtRiij3b9ddv/7Zt0/X/AXJTT5GA
NDKOAAAAAElFTkSuQmCC
",file:///C:/users/prakrith/desktop/cptemp_out/skeleton/170109_Inhibitors1_D1_4-0008_branchpoints.png,file:///C:/users/prakrith/desktop/cptemp_out/skeleton_overlay/170109_Inhibitors1_D1_4-0008_overlay.png,file:///C:/Users/Prakrith/Documents/GitHub/Test/2018_02_27/single_images/170109_Inhibitors1_D1_4-0008.tif,1280,1280
